12:02:15:016  INFO 19372 --- [main] com.hmall.cart.CartServiceApplication    : Starting CartServiceApplication using Java 11.0.23 on LAPTOP-RMAHIPBG with PID 19372 (D:\IdeaData\hmall-micro\cart-service\target\classes started by admin in D:\IdeaData\hmall-micro)
12:02:15:018 DEBUG 19372 --- [main] com.hmall.cart.CartServiceApplication    : Running with Spring Boot v2.7.12, Spring v5.3.27
12:02:15:019  INFO 19372 --- [main] com.hmall.cart.CartServiceApplication    : The following 1 profile is active: "dev"
12:02:16:243  INFO 19372 --- [main] o.s.b.w.embedded.tomcat.TomcatWebServer  : Tomcat initialized with port(s): 8082 (http)
12:02:16:252  INFO 19372 --- [main] o.apache.catalina.core.StandardService   : Starting service [Tomcat]
12:02:16:253  INFO 19372 --- [main] org.apache.catalina.core.StandardEngine  : Starting Servlet engine: [Apache Tomcat/9.0.75]
12:02:16:370  INFO 19372 --- [main] o.a.c.c.C.[Tomcat].[localhost].[/]       : Initializing Spring embedded WebApplicationContext
12:02:16:370  INFO 19372 --- [main] w.s.c.ServletWebServerApplicationContext : Root WebApplicationContext: initialization completed in 1312 ms
12:02:17:641  INFO 19372 --- [main] pertySourcedRequestMappingHandlerMapping : Mapped URL path [/v2/api-docs] onto method [springfox.documentation.swagger2.web.Swagger2ControllerWebMvc#getDocumentation(String, HttpServletRequest)]
12:02:17:706  INFO 19372 --- [main] o.s.b.w.embedded.tomcat.TomcatWebServer  : Tomcat started on port(s): 8082 (http) with context path ''
12:02:17:707  INFO 19372 --- [main] d.s.w.p.DocumentationPluginsBootstrapper : Documentation plugins bootstrapped
12:02:17:709  INFO 19372 --- [main] d.s.w.p.DocumentationPluginsBootstrapper : Found 1 custom documentation plugin(s)
12:02:17:729  INFO 19372 --- [main] s.d.s.w.s.ApiListingReferenceScanner     : Scanning for api listing references
12:02:17:823  INFO 19372 --- [main] com.hmall.cart.CartServiceApplication    : Started CartServiceApplication in 3.227 seconds (JVM running for 4.254)
12:02:42:628  INFO 19372 --- [http-nio-8082-exec-1] o.a.c.c.C.[Tomcat].[localhost].[/]       : Initializing Spring DispatcherServlet 'dispatcherServlet'
12:02:42:630  INFO 19372 --- [http-nio-8082-exec-1] o.s.web.servlet.DispatcherServlet        : Initializing Servlet 'dispatcherServlet'
12:02:42:632  INFO 19372 --- [http-nio-8082-exec-1] o.s.web.servlet.DispatcherServlet        : Completed initialization in 1 ms
12:02:48:342  INFO 19372 --- [http-nio-8082-exec-4] com.zaxxer.hikari.HikariDataSource       : HikariPool-1 - Starting...
12:02:48:646  INFO 19372 --- [http-nio-8082-exec-4] com.zaxxer.hikari.HikariDataSource       : HikariPool-1 - Start completed.
12:02:48:655 DEBUG 19372 --- [http-nio-8082-exec-4] c.h.cart.mapper.CartMapper.selectList    : ==>  Preparing: SELECT id,user_id,item_id,num,name,spec,price,image,create_time,update_time FROM com/hmall/cart WHERE (user_id = ?)
12:02:48:681 DEBUG 19372 --- [http-nio-8082-exec-4] c.h.cart.mapper.CartMapper.selectList    : ==> Parameters: null
12:02:48:777 ERROR 19372 --- [http-nio-8082-exec-4] o.a.c.c.C.[.[.[/].[dispatcherServlet]    : Servlet.service() for servlet [dispatcherServlet] in context with path [] threw exception [Request processing failed; nested exception is org.springframework.jdbc.BadSqlGrammarException: 
### Error querying database.  Cause: java.sql.SQLSyntaxErrorException: You have an error in your SQL syntax; check the manual that corresponds to your MySQL server version for the right syntax to use near '/hmall/cart 
 
 WHERE (user_id = null)' at line 1
### The error may exist in com/hmall/cart/mapper/CartMapper.java (best guess)
### The error may involve defaultParameterMap
### The error occurred while setting parameters
### SQL: SELECT  id,user_id,item_id,num,name,spec,price,image,create_time,update_time  FROM com/hmall/cart     WHERE (user_id = ?)
### Cause: java.sql.SQLSyntaxErrorException: You have an error in your SQL syntax; check the manual that corresponds to your MySQL server version for the right syntax to use near '/hmall/cart 
 
 WHERE (user_id = null)' at line 1
; bad SQL grammar []; nested exception is java.sql.SQLSyntaxErrorException: You have an error in your SQL syntax; check the manual that corresponds to your MySQL server version for the right syntax to use near '/hmall/cart 
 
 WHERE (user_id = null)' at line 1] with root cause

java.sql.SQLSyntaxErrorException: You have an error in your SQL syntax; check the manual that corresponds to your MySQL server version for the right syntax to use near '/hmall/cart 
 
 WHERE (user_id = null)' at line 1
	at com.mysql.cj.jdbc.exceptions.SQLError.createSQLException(SQLError.java:120) ~[mysql-connector-java-8.0.23.jar:8.0.23]
	at com.mysql.cj.jdbc.exceptions.SQLExceptionsMapping.translateException(SQLExceptionsMapping.java:122) ~[mysql-connector-java-8.0.23.jar:8.0.23]
	at com.mysql.cj.jdbc.ClientPreparedStatement.executeInternal(ClientPreparedStatement.java:953) ~[mysql-connector-java-8.0.23.jar:8.0.23]
	at com.mysql.cj.jdbc.ClientPreparedStatement.execute(ClientPreparedStatement.java:370) ~[mysql-connector-java-8.0.23.jar:8.0.23]
	at com.zaxxer.hikari.pool.ProxyPreparedStatement.execute(ProxyPreparedStatement.java:44) ~[HikariCP-4.0.3.jar:na]
	at com.zaxxer.hikari.pool.HikariProxyPreparedStatement.execute(HikariProxyPreparedStatement.java) ~[HikariCP-4.0.3.jar:na]
	at java.base/jdk.internal.reflect.NativeMethodAccessorImpl.invoke0(Native Method) ~[na:na]
	at java.base/jdk.internal.reflect.NativeMethodAccessorImpl.invoke(NativeMethodAccessorImpl.java:62) ~[na:na]
	at java.base/jdk.internal.reflect.DelegatingMethodAccessorImpl.invoke(DelegatingMethodAccessorImpl.java:43) ~[na:na]
	at java.base/java.lang.reflect.Method.invoke(Method.java:566) ~[na:na]
	at org.apache.ibatis.logging.jdbc.PreparedStatementLogger.invoke(PreparedStatementLogger.java:59) ~[mybatis-3.5.7.jar:3.5.7]
	at com.sun.proxy.$Proxy129.execute(Unknown Source) ~[na:na]
	at org.apache.ibatis.executor.statement.PreparedStatementHandler.query(PreparedStatementHandler.java:64) ~[mybatis-3.5.7.jar:3.5.7]
	at org.apache.ibatis.executor.statement.RoutingStatementHandler.query(RoutingStatementHandler.java:79) ~[mybatis-3.5.7.jar:3.5.7]
	at java.base/jdk.internal.reflect.NativeMethodAccessorImpl.invoke0(Native Method) ~[na:na]
	at java.base/jdk.internal.reflect.NativeMethodAccessorImpl.invoke(NativeMethodAccessorImpl.java:62) ~[na:na]
	at java.base/jdk.internal.reflect.DelegatingMethodAccessorImpl.invoke(DelegatingMethodAccessorImpl.java:43) ~[na:na]
	at java.base/java.lang.reflect.Method.invoke(Method.java:566) ~[na:na]
	at org.apache.ibatis.plugin.Plugin.invoke(Plugin.java:64) ~[mybatis-3.5.7.jar:3.5.7]
	at com.sun.proxy.$Proxy127.query(Unknown Source) ~[na:na]
	at org.apache.ibatis.executor.SimpleExecutor.doQuery(SimpleExecutor.java:63) ~[mybatis-3.5.7.jar:3.5.7]
	at org.apache.ibatis.executor.BaseExecutor.queryFromDatabase(BaseExecutor.java:325) ~[mybatis-3.5.7.jar:3.5.7]
	at org.apache.ibatis.executor.BaseExecutor.query(BaseExecutor.java:156) ~[mybatis-3.5.7.jar:3.5.7]
	at org.apache.ibatis.executor.CachingExecutor.query(CachingExecutor.java:109) ~[mybatis-3.5.7.jar:3.5.7]
	at com.baomidou.mybatisplus.extension.plugins.MybatisPlusInterceptor.intercept(MybatisPlusInterceptor.java:81) ~[mybatis-plus-extension-3.4.3.jar:3.4.3]
	at org.apache.ibatis.plugin.Plugin.invoke(Plugin.java:62) ~[mybatis-3.5.7.jar:3.5.7]
	at com.sun.proxy.$Proxy125.query(Unknown Source) ~[na:na]
	at org.apache.ibatis.session.defaults.DefaultSqlSession.selectList(DefaultSqlSession.java:151) ~[mybatis-3.5.7.jar:3.5.7]
	at org.apache.ibatis.session.defaults.DefaultSqlSession.selectList(DefaultSqlSession.java:145) ~[mybatis-3.5.7.jar:3.5.7]
	at org.apache.ibatis.session.defaults.DefaultSqlSession.selectList(DefaultSqlSession.java:140) ~[mybatis-3.5.7.jar:3.5.7]
	at java.base/jdk.internal.reflect.NativeMethodAccessorImpl.invoke0(Native Method) ~[na:na]
	at java.base/jdk.internal.reflect.NativeMethodAccessorImpl.invoke(NativeMethodAccessorImpl.java:62) ~[na:na]
	at java.base/jdk.internal.reflect.DelegatingMethodAccessorImpl.invoke(DelegatingMethodAccessorImpl.java:43) ~[na:na]
	at java.base/java.lang.reflect.Method.invoke(Method.java:566) ~[na:na]
	at org.mybatis.spring.SqlSessionTemplate$SqlSessionInterceptor.invoke(SqlSessionTemplate.java:427) ~[mybatis-spring-2.0.6.jar:2.0.6]
	at com.sun.proxy.$Proxy88.selectList(Unknown Source) ~[na:na]
	at org.mybatis.spring.SqlSessionTemplate.selectList(SqlSessionTemplate.java:224) ~[mybatis-spring-2.0.6.jar:2.0.6]
	at com.baomidou.mybatisplus.core.override.MybatisMapperMethod.executeForMany(MybatisMapperMethod.java:166) ~[mybatis-plus-core-3.4.3.jar:3.4.3]
	at com.baomidou.mybatisplus.core.override.MybatisMapperMethod.execute(MybatisMapperMethod.java:77) ~[mybatis-plus-core-3.4.3.jar:3.4.3]
	at com.baomidou.mybatisplus.core.override.MybatisMapperProxy$PlainMethodInvoker.invoke(MybatisMapperProxy.java:148) ~[mybatis-plus-core-3.4.3.jar:3.4.3]
	at com.baomidou.mybatisplus.core.override.MybatisMapperProxy.invoke(MybatisMapperProxy.java:89) ~[mybatis-plus-core-3.4.3.jar:3.4.3]
	at com.sun.proxy.$Proxy89.selectList(Unknown Source) ~[na:na]
	at com.baomidou.mybatisplus.extension.conditions.query.ChainQuery.list(ChainQuery.java:39) ~[mybatis-plus-extension-3.4.3.jar:3.4.3]
	at com.hmall.cart.service.impl.CartServiceImpl.queryMyCarts(CartServiceImpl.java:64) ~[classes/:na]
	at com.hmall.cart.service.impl.CartServiceImpl$$FastClassBySpringCGLIB$$7813828f.invoke(<generated>) ~[classes/:na]
	at org.springframework.cglib.proxy.MethodProxy.invoke(MethodProxy.java:218) ~[spring-core-5.3.27.jar:5.3.27]
	at org.springframework.aop.framework.CglibAopProxy.invokeMethod(CglibAopProxy.java:386) ~[spring-aop-5.3.27.jar:5.3.27]
	at org.springframework.aop.framework.CglibAopProxy.access$000(CglibAopProxy.java:85) ~[spring-aop-5.3.27.jar:5.3.27]
	at org.springframework.aop.framework.CglibAopProxy$DynamicAdvisedInterceptor.intercept(CglibAopProxy.java:704) ~[spring-aop-5.3.27.jar:5.3.27]
	at com.hmall.cart.service.impl.CartServiceImpl$$EnhancerBySpringCGLIB$$f83ccd49.queryMyCarts(<generated>) ~[classes/:na]
	at com.hmall.cart.controller.CartController.queryMyCarts(CartController.java:46) ~[classes/:na]
	at java.base/jdk.internal.reflect.NativeMethodAccessorImpl.invoke0(Native Method) ~[na:na]
	at java.base/jdk.internal.reflect.NativeMethodAccessorImpl.invoke(NativeMethodAccessorImpl.java:62) ~[na:na]
	at java.base/jdk.internal.reflect.DelegatingMethodAccessorImpl.invoke(DelegatingMethodAccessorImpl.java:43) ~[na:na]
	at java.base/java.lang.reflect.Method.invoke(Method.java:566) ~[na:na]
	at org.springframework.web.method.support.InvocableHandlerMethod.doInvoke(InvocableHandlerMethod.java:205) ~[spring-web-5.3.27.jar:5.3.27]
	at org.springframework.web.method.support.InvocableHandlerMethod.invokeForRequest(InvocableHandlerMethod.java:150) ~[spring-web-5.3.27.jar:5.3.27]
	at org.springframework.web.servlet.mvc.method.annotation.ServletInvocableHandlerMethod.invokeAndHandle(ServletInvocableHandlerMethod.java:117) ~[spring-webmvc-5.3.27.jar:5.3.27]
	at org.springframework.web.servlet.mvc.method.annotation.RequestMappingHandlerAdapter.invokeHandlerMethod(RequestMappingHandlerAdapter.java:895) ~[spring-webmvc-5.3.27.jar:5.3.27]
	at org.springframework.web.servlet.mvc.method.annotation.RequestMappingHandlerAdapter.handleInternal(RequestMappingHandlerAdapter.java:808) ~[spring-webmvc-5.3.27.jar:5.3.27]
	at org.springframework.web.servlet.mvc.method.AbstractHandlerMethodAdapter.handle(AbstractHandlerMethodAdapter.java:87) ~[spring-webmvc-5.3.27.jar:5.3.27]
	at org.springframework.web.servlet.DispatcherServlet.doDispatch(DispatcherServlet.java:1072) ~[spring-webmvc-5.3.27.jar:5.3.27]
	at org.springframework.web.servlet.DispatcherServlet.doService(DispatcherServlet.java:965) ~[spring-webmvc-5.3.27.jar:5.3.27]
	at org.springframework.web.servlet.FrameworkServlet.processRequest(FrameworkServlet.java:1006) ~[spring-webmvc-5.3.27.jar:5.3.27]
	at org.springframework.web.servlet.FrameworkServlet.doGet(FrameworkServlet.java:898) ~[spring-webmvc-5.3.27.jar:5.3.27]
	at javax.servlet.http.HttpServlet.service(HttpServlet.java:529) ~[tomcat-embed-core-9.0.75.jar:4.0.FR]
	at org.springframework.web.servlet.FrameworkServlet.service(FrameworkServlet.java:883) ~[spring-webmvc-5.3.27.jar:5.3.27]
	at javax.servlet.http.HttpServlet.service(HttpServlet.java:623) ~[tomcat-embed-core-9.0.75.jar:4.0.FR]
	at org.apache.catalina.core.ApplicationFilterChain.internalDoFilter(ApplicationFilterChain.java:209) ~[tomcat-embed-core-9.0.75.jar:9.0.75]
	at org.apache.catalina.core.ApplicationFilterChain.doFilter(ApplicationFilterChain.java:153) ~[tomcat-embed-core-9.0.75.jar:9.0.75]
	at org.apache.tomcat.websocket.server.WsFilter.doFilter(WsFilter.java:51) ~[tomcat-embed-websocket-9.0.75.jar:9.0.75]
	at org.apache.catalina.core.ApplicationFilterChain.internalDoFilter(ApplicationFilterChain.java:178) ~[tomcat-embed-core-9.0.75.jar:9.0.75]
	at org.apache.catalina.core.ApplicationFilterChain.doFilter(ApplicationFilterChain.java:153) ~[tomcat-embed-core-9.0.75.jar:9.0.75]
	at org.springframework.web.filter.RequestContextFilter.doFilterInternal(RequestContextFilter.java:100) ~[spring-web-5.3.27.jar:5.3.27]
	at org.springframework.web.filter.OncePerRequestFilter.doFilter(OncePerRequestFilter.java:117) ~[spring-web-5.3.27.jar:5.3.27]
	at org.apache.catalina.core.ApplicationFilterChain.internalDoFilter(ApplicationFilterChain.java:178) ~[tomcat-embed-core-9.0.75.jar:9.0.75]
	at org.apache.catalina.core.ApplicationFilterChain.doFilter(ApplicationFilterChain.java:153) ~[tomcat-embed-core-9.0.75.jar:9.0.75]
	at org.springframework.web.filter.FormContentFilter.doFilterInternal(FormContentFilter.java:93) ~[spring-web-5.3.27.jar:5.3.27]
	at org.springframework.web.filter.OncePerRequestFilter.doFilter(OncePerRequestFilter.java:117) ~[spring-web-5.3.27.jar:5.3.27]
	at org.apache.catalina.core.ApplicationFilterChain.internalDoFilter(ApplicationFilterChain.java:178) ~[tomcat-embed-core-9.0.75.jar:9.0.75]
	at org.apache.catalina.core.ApplicationFilterChain.doFilter(ApplicationFilterChain.java:153) ~[tomcat-embed-core-9.0.75.jar:9.0.75]
	at org.springframework.web.filter.CharacterEncodingFilter.doFilterInternal(CharacterEncodingFilter.java:201) ~[spring-web-5.3.27.jar:5.3.27]
	at org.springframework.web.filter.OncePerRequestFilter.doFilter(OncePerRequestFilter.java:117) ~[spring-web-5.3.27.jar:5.3.27]
	at org.apache.catalina.core.ApplicationFilterChain.internalDoFilter(ApplicationFilterChain.java:178) ~[tomcat-embed-core-9.0.75.jar:9.0.75]
	at org.apache.catalina.core.ApplicationFilterChain.doFilter(ApplicationFilterChain.java:153) ~[tomcat-embed-core-9.0.75.jar:9.0.75]
	at org.apache.catalina.core.StandardWrapperValve.invoke(StandardWrapperValve.java:167) ~[tomcat-embed-core-9.0.75.jar:9.0.75]
	at org.apache.catalina.core.StandardContextValve.invoke(StandardContextValve.java:90) ~[tomcat-embed-core-9.0.75.jar:9.0.75]
	at org.apache.catalina.authenticator.AuthenticatorBase.invoke(AuthenticatorBase.java:481) ~[tomcat-embed-core-9.0.75.jar:9.0.75]
	at org.apache.catalina.core.StandardHostValve.invoke(StandardHostValve.java:130) ~[tomcat-embed-core-9.0.75.jar:9.0.75]
	at org.apache.catalina.valves.ErrorReportValve.invoke(ErrorReportValve.java:93) ~[tomcat-embed-core-9.0.75.jar:9.0.75]
	at org.apache.catalina.core.StandardEngineValve.invoke(StandardEngineValve.java:74) ~[tomcat-embed-core-9.0.75.jar:9.0.75]
	at org.apache.catalina.connector.CoyoteAdapter.service(CoyoteAdapter.java:343) ~[tomcat-embed-core-9.0.75.jar:9.0.75]
	at org.apache.coyote.http11.Http11Processor.service(Http11Processor.java:390) ~[tomcat-embed-core-9.0.75.jar:9.0.75]
	at org.apache.coyote.AbstractProcessorLight.process(AbstractProcessorLight.java:63) ~[tomcat-embed-core-9.0.75.jar:9.0.75]
	at org.apache.coyote.AbstractProtocol$ConnectionHandler.process(AbstractProtocol.java:926) ~[tomcat-embed-core-9.0.75.jar:9.0.75]
	at org.apache.tomcat.util.net.NioEndpoint$SocketProcessor.doRun(NioEndpoint.java:1791) ~[tomcat-embed-core-9.0.75.jar:9.0.75]
	at org.apache.tomcat.util.net.SocketProcessorBase.run(SocketProcessorBase.java:52) ~[tomcat-embed-core-9.0.75.jar:9.0.75]
	at org.apache.tomcat.util.threads.ThreadPoolExecutor.runWorker(ThreadPoolExecutor.java:1191) ~[tomcat-embed-core-9.0.75.jar:9.0.75]
	at org.apache.tomcat.util.threads.ThreadPoolExecutor$Worker.run(ThreadPoolExecutor.java:659) ~[tomcat-embed-core-9.0.75.jar:9.0.75]
	at org.apache.tomcat.util.threads.TaskThread$WrappingRunnable.run(TaskThread.java:61) ~[tomcat-embed-core-9.0.75.jar:9.0.75]
	at java.base/java.lang.Thread.run(Thread.java:834) ~[na:na]

12:03:42:484  INFO 19372 --- [SpringApplicationShutdownHook] com.zaxxer.hikari.HikariDataSource       : HikariPool-1 - Shutdown initiated...
12:03:42:500  INFO 19372 --- [SpringApplicationShutdownHook] com.zaxxer.hikari.HikariDataSource       : HikariPool-1 - Shutdown completed.
12:03:46:579  INFO 26188 --- [main] com.hmall.cart.CartServiceApplication    : Starting CartServiceApplication using Java 11.0.23 on LAPTOP-RMAHIPBG with PID 26188 (D:\IdeaData\hmall-micro\cart-service\target\classes started by admin in D:\IdeaData\hmall-micro)
12:03:46:581 DEBUG 26188 --- [main] com.hmall.cart.CartServiceApplication    : Running with Spring Boot v2.7.12, Spring v5.3.27
12:03:46:581  INFO 26188 --- [main] com.hmall.cart.CartServiceApplication    : The following 1 profile is active: "dev"
12:03:47:817  INFO 26188 --- [main] o.s.b.w.embedded.tomcat.TomcatWebServer  : Tomcat initialized with port(s): 8082 (http)
12:03:47:826  INFO 26188 --- [main] o.apache.catalina.core.StandardService   : Starting service [Tomcat]
12:03:47:826  INFO 26188 --- [main] org.apache.catalina.core.StandardEngine  : Starting Servlet engine: [Apache Tomcat/9.0.75]
12:03:47:940  INFO 26188 --- [main] o.a.c.c.C.[Tomcat].[localhost].[/]       : Initializing Spring embedded WebApplicationContext
12:03:47:940  INFO 26188 --- [main] w.s.c.ServletWebServerApplicationContext : Root WebApplicationContext: initialization completed in 1309 ms
12:03:49:169  INFO 26188 --- [main] pertySourcedRequestMappingHandlerMapping : Mapped URL path [/v2/api-docs] onto method [springfox.documentation.swagger2.web.Swagger2ControllerWebMvc#getDocumentation(String, HttpServletRequest)]
12:03:49:238  INFO 26188 --- [main] o.s.b.w.embedded.tomcat.TomcatWebServer  : Tomcat started on port(s): 8082 (http) with context path ''
12:03:49:239  INFO 26188 --- [main] d.s.w.p.DocumentationPluginsBootstrapper : Documentation plugins bootstrapped
12:03:49:242  INFO 26188 --- [main] d.s.w.p.DocumentationPluginsBootstrapper : Found 1 custom documentation plugin(s)
12:03:49:264  INFO 26188 --- [main] s.d.s.w.s.ApiListingReferenceScanner     : Scanning for api listing references
12:03:49:369  INFO 26188 --- [main] com.hmall.cart.CartServiceApplication    : Started CartServiceApplication in 3.17 seconds (JVM running for 4.102)
12:03:57:152  INFO 26188 --- [http-nio-8082-exec-1] o.a.c.c.C.[Tomcat].[localhost].[/]       : Initializing Spring DispatcherServlet 'dispatcherServlet'
12:03:57:153  INFO 26188 --- [http-nio-8082-exec-1] o.s.web.servlet.DispatcherServlet        : Initializing Servlet 'dispatcherServlet'
12:03:57:156  INFO 26188 --- [http-nio-8082-exec-1] o.s.web.servlet.DispatcherServlet        : Completed initialization in 3 ms
12:03:57:288  INFO 26188 --- [http-nio-8082-exec-1] com.zaxxer.hikari.HikariDataSource       : HikariPool-1 - Starting...
12:03:57:597  INFO 26188 --- [http-nio-8082-exec-1] com.zaxxer.hikari.HikariDataSource       : HikariPool-1 - Start completed.
12:03:57:605 DEBUG 26188 --- [http-nio-8082-exec-1] c.h.cart.mapper.CartMapper.selectList    : ==>  Preparing: SELECT id,user_id,item_id,num,name,spec,price,image,create_time,update_time FROM com/hmall/cart WHERE (user_id = ?)
12:03:57:632 DEBUG 26188 --- [http-nio-8082-exec-1] c.h.cart.mapper.CartMapper.selectList    : ==> Parameters: null
12:03:57:721 ERROR 26188 --- [http-nio-8082-exec-1] o.a.c.c.C.[.[.[/].[dispatcherServlet]    : Servlet.service() for servlet [dispatcherServlet] in context with path [] threw exception [Request processing failed; nested exception is org.springframework.jdbc.BadSqlGrammarException: 
### Error querying database.  Cause: java.sql.SQLSyntaxErrorException: You have an error in your SQL syntax; check the manual that corresponds to your MySQL server version for the right syntax to use near '/hmall/cart 
 
 WHERE (user_id = null)' at line 1
### The error may exist in com/hmall/cart/mapper/CartMapper.java (best guess)
### The error may involve defaultParameterMap
### The error occurred while setting parameters
### SQL: SELECT  id,user_id,item_id,num,name,spec,price,image,create_time,update_time  FROM com/hmall/cart     WHERE (user_id = ?)
### Cause: java.sql.SQLSyntaxErrorException: You have an error in your SQL syntax; check the manual that corresponds to your MySQL server version for the right syntax to use near '/hmall/cart 
 
 WHERE (user_id = null)' at line 1
; bad SQL grammar []; nested exception is java.sql.SQLSyntaxErrorException: You have an error in your SQL syntax; check the manual that corresponds to your MySQL server version for the right syntax to use near '/hmall/cart 
 
 WHERE (user_id = null)' at line 1] with root cause

java.sql.SQLSyntaxErrorException: You have an error in your SQL syntax; check the manual that corresponds to your MySQL server version for the right syntax to use near '/hmall/cart 
 
 WHERE (user_id = null)' at line 1
	at com.mysql.cj.jdbc.exceptions.SQLError.createSQLException(SQLError.java:120) ~[mysql-connector-java-8.0.23.jar:8.0.23]
	at com.mysql.cj.jdbc.exceptions.SQLExceptionsMapping.translateException(SQLExceptionsMapping.java:122) ~[mysql-connector-java-8.0.23.jar:8.0.23]
	at com.mysql.cj.jdbc.ClientPreparedStatement.executeInternal(ClientPreparedStatement.java:953) ~[mysql-connector-java-8.0.23.jar:8.0.23]
	at com.mysql.cj.jdbc.ClientPreparedStatement.execute(ClientPreparedStatement.java:370) ~[mysql-connector-java-8.0.23.jar:8.0.23]
	at com.zaxxer.hikari.pool.ProxyPreparedStatement.execute(ProxyPreparedStatement.java:44) ~[HikariCP-4.0.3.jar:na]
	at com.zaxxer.hikari.pool.HikariProxyPreparedStatement.execute(HikariProxyPreparedStatement.java) ~[HikariCP-4.0.3.jar:na]
	at java.base/jdk.internal.reflect.NativeMethodAccessorImpl.invoke0(Native Method) ~[na:na]
	at java.base/jdk.internal.reflect.NativeMethodAccessorImpl.invoke(NativeMethodAccessorImpl.java:62) ~[na:na]
	at java.base/jdk.internal.reflect.DelegatingMethodAccessorImpl.invoke(DelegatingMethodAccessorImpl.java:43) ~[na:na]
	at java.base/java.lang.reflect.Method.invoke(Method.java:566) ~[na:na]
	at org.apache.ibatis.logging.jdbc.PreparedStatementLogger.invoke(PreparedStatementLogger.java:59) ~[mybatis-3.5.7.jar:3.5.7]
	at com.sun.proxy.$Proxy113.execute(Unknown Source) ~[na:na]
	at org.apache.ibatis.executor.statement.PreparedStatementHandler.query(PreparedStatementHandler.java:64) ~[mybatis-3.5.7.jar:3.5.7]
	at org.apache.ibatis.executor.statement.RoutingStatementHandler.query(RoutingStatementHandler.java:79) ~[mybatis-3.5.7.jar:3.5.7]
	at java.base/jdk.internal.reflect.NativeMethodAccessorImpl.invoke0(Native Method) ~[na:na]
	at java.base/jdk.internal.reflect.NativeMethodAccessorImpl.invoke(NativeMethodAccessorImpl.java:62) ~[na:na]
	at java.base/jdk.internal.reflect.DelegatingMethodAccessorImpl.invoke(DelegatingMethodAccessorImpl.java:43) ~[na:na]
	at java.base/java.lang.reflect.Method.invoke(Method.java:566) ~[na:na]
	at org.apache.ibatis.plugin.Plugin.invoke(Plugin.java:64) ~[mybatis-3.5.7.jar:3.5.7]
	at com.sun.proxy.$Proxy111.query(Unknown Source) ~[na:na]
	at org.apache.ibatis.executor.SimpleExecutor.doQuery(SimpleExecutor.java:63) ~[mybatis-3.5.7.jar:3.5.7]
	at org.apache.ibatis.executor.BaseExecutor.queryFromDatabase(BaseExecutor.java:325) ~[mybatis-3.5.7.jar:3.5.7]
	at org.apache.ibatis.executor.BaseExecutor.query(BaseExecutor.java:156) ~[mybatis-3.5.7.jar:3.5.7]
	at org.apache.ibatis.executor.CachingExecutor.query(CachingExecutor.java:109) ~[mybatis-3.5.7.jar:3.5.7]
	at com.baomidou.mybatisplus.extension.plugins.MybatisPlusInterceptor.intercept(MybatisPlusInterceptor.java:81) ~[mybatis-plus-extension-3.4.3.jar:3.4.3]
	at org.apache.ibatis.plugin.Plugin.invoke(Plugin.java:62) ~[mybatis-3.5.7.jar:3.5.7]
	at com.sun.proxy.$Proxy109.query(Unknown Source) ~[na:na]
	at org.apache.ibatis.session.defaults.DefaultSqlSession.selectList(DefaultSqlSession.java:151) ~[mybatis-3.5.7.jar:3.5.7]
	at org.apache.ibatis.session.defaults.DefaultSqlSession.selectList(DefaultSqlSession.java:145) ~[mybatis-3.5.7.jar:3.5.7]
	at org.apache.ibatis.session.defaults.DefaultSqlSession.selectList(DefaultSqlSession.java:140) ~[mybatis-3.5.7.jar:3.5.7]
	at java.base/jdk.internal.reflect.NativeMethodAccessorImpl.invoke0(Native Method) ~[na:na]
	at java.base/jdk.internal.reflect.NativeMethodAccessorImpl.invoke(NativeMethodAccessorImpl.java:62) ~[na:na]
	at java.base/jdk.internal.reflect.DelegatingMethodAccessorImpl.invoke(DelegatingMethodAccessorImpl.java:43) ~[na:na]
	at java.base/java.lang.reflect.Method.invoke(Method.java:566) ~[na:na]
	at org.mybatis.spring.SqlSessionTemplate$SqlSessionInterceptor.invoke(SqlSessionTemplate.java:427) ~[mybatis-spring-2.0.6.jar:2.0.6]
	at com.sun.proxy.$Proxy88.selectList(Unknown Source) ~[na:na]
	at org.mybatis.spring.SqlSessionTemplate.selectList(SqlSessionTemplate.java:224) ~[mybatis-spring-2.0.6.jar:2.0.6]
	at com.baomidou.mybatisplus.core.override.MybatisMapperMethod.executeForMany(MybatisMapperMethod.java:166) ~[mybatis-plus-core-3.4.3.jar:3.4.3]
	at com.baomidou.mybatisplus.core.override.MybatisMapperMethod.execute(MybatisMapperMethod.java:77) ~[mybatis-plus-core-3.4.3.jar:3.4.3]
	at com.baomidou.mybatisplus.core.override.MybatisMapperProxy$PlainMethodInvoker.invoke(MybatisMapperProxy.java:148) ~[mybatis-plus-core-3.4.3.jar:3.4.3]
	at com.baomidou.mybatisplus.core.override.MybatisMapperProxy.invoke(MybatisMapperProxy.java:89) ~[mybatis-plus-core-3.4.3.jar:3.4.3]
	at com.sun.proxy.$Proxy89.selectList(Unknown Source) ~[na:na]
	at com.baomidou.mybatisplus.extension.conditions.query.ChainQuery.list(ChainQuery.java:39) ~[mybatis-plus-extension-3.4.3.jar:3.4.3]
	at com.hmall.cart.service.impl.CartServiceImpl.queryMyCarts(CartServiceImpl.java:64) ~[classes/:na]
	at com.hmall.cart.service.impl.CartServiceImpl$$FastClassBySpringCGLIB$$7813828f.invoke(<generated>) ~[classes/:na]
	at org.springframework.cglib.proxy.MethodProxy.invoke(MethodProxy.java:218) ~[spring-core-5.3.27.jar:5.3.27]
	at org.springframework.aop.framework.CglibAopProxy.invokeMethod(CglibAopProxy.java:386) ~[spring-aop-5.3.27.jar:5.3.27]
	at org.springframework.aop.framework.CglibAopProxy.access$000(CglibAopProxy.java:85) ~[spring-aop-5.3.27.jar:5.3.27]
	at org.springframework.aop.framework.CglibAopProxy$DynamicAdvisedInterceptor.intercept(CglibAopProxy.java:704) ~[spring-aop-5.3.27.jar:5.3.27]
	at com.hmall.cart.service.impl.CartServiceImpl$$EnhancerBySpringCGLIB$$734d13ef.queryMyCarts(<generated>) ~[classes/:na]
	at com.hmall.cart.controller.CartController.queryMyCarts(CartController.java:46) ~[classes/:na]
	at java.base/jdk.internal.reflect.NativeMethodAccessorImpl.invoke0(Native Method) ~[na:na]
	at java.base/jdk.internal.reflect.NativeMethodAccessorImpl.invoke(NativeMethodAccessorImpl.java:62) ~[na:na]
	at java.base/jdk.internal.reflect.DelegatingMethodAccessorImpl.invoke(DelegatingMethodAccessorImpl.java:43) ~[na:na]
	at java.base/java.lang.reflect.Method.invoke(Method.java:566) ~[na:na]
	at org.springframework.web.method.support.InvocableHandlerMethod.doInvoke(InvocableHandlerMethod.java:205) ~[spring-web-5.3.27.jar:5.3.27]
	at org.springframework.web.method.support.InvocableHandlerMethod.invokeForRequest(InvocableHandlerMethod.java:150) ~[spring-web-5.3.27.jar:5.3.27]
	at org.springframework.web.servlet.mvc.method.annotation.ServletInvocableHandlerMethod.invokeAndHandle(ServletInvocableHandlerMethod.java:117) ~[spring-webmvc-5.3.27.jar:5.3.27]
	at org.springframework.web.servlet.mvc.method.annotation.RequestMappingHandlerAdapter.invokeHandlerMethod(RequestMappingHandlerAdapter.java:895) ~[spring-webmvc-5.3.27.jar:5.3.27]
	at org.springframework.web.servlet.mvc.method.annotation.RequestMappingHandlerAdapter.handleInternal(RequestMappingHandlerAdapter.java:808) ~[spring-webmvc-5.3.27.jar:5.3.27]
	at org.springframework.web.servlet.mvc.method.AbstractHandlerMethodAdapter.handle(AbstractHandlerMethodAdapter.java:87) ~[spring-webmvc-5.3.27.jar:5.3.27]
	at org.springframework.web.servlet.DispatcherServlet.doDispatch(DispatcherServlet.java:1072) ~[spring-webmvc-5.3.27.jar:5.3.27]
	at org.springframework.web.servlet.DispatcherServlet.doService(DispatcherServlet.java:965) ~[spring-webmvc-5.3.27.jar:5.3.27]
	at org.springframework.web.servlet.FrameworkServlet.processRequest(FrameworkServlet.java:1006) ~[spring-webmvc-5.3.27.jar:5.3.27]
	at org.springframework.web.servlet.FrameworkServlet.doGet(FrameworkServlet.java:898) ~[spring-webmvc-5.3.27.jar:5.3.27]
	at javax.servlet.http.HttpServlet.service(HttpServlet.java:529) ~[tomcat-embed-core-9.0.75.jar:4.0.FR]
	at org.springframework.web.servlet.FrameworkServlet.service(FrameworkServlet.java:883) ~[spring-webmvc-5.3.27.jar:5.3.27]
	at javax.servlet.http.HttpServlet.service(HttpServlet.java:623) ~[tomcat-embed-core-9.0.75.jar:4.0.FR]
	at org.apache.catalina.core.ApplicationFilterChain.internalDoFilter(ApplicationFilterChain.java:209) ~[tomcat-embed-core-9.0.75.jar:9.0.75]
	at org.apache.catalina.core.ApplicationFilterChain.doFilter(ApplicationFilterChain.java:153) ~[tomcat-embed-core-9.0.75.jar:9.0.75]
	at org.apache.tomcat.websocket.server.WsFilter.doFilter(WsFilter.java:51) ~[tomcat-embed-websocket-9.0.75.jar:9.0.75]
	at org.apache.catalina.core.ApplicationFilterChain.internalDoFilter(ApplicationFilterChain.java:178) ~[tomcat-embed-core-9.0.75.jar:9.0.75]
	at org.apache.catalina.core.ApplicationFilterChain.doFilter(ApplicationFilterChain.java:153) ~[tomcat-embed-core-9.0.75.jar:9.0.75]
	at org.springframework.web.filter.RequestContextFilter.doFilterInternal(RequestContextFilter.java:100) ~[spring-web-5.3.27.jar:5.3.27]
	at org.springframework.web.filter.OncePerRequestFilter.doFilter(OncePerRequestFilter.java:117) ~[spring-web-5.3.27.jar:5.3.27]
	at org.apache.catalina.core.ApplicationFilterChain.internalDoFilter(ApplicationFilterChain.java:178) ~[tomcat-embed-core-9.0.75.jar:9.0.75]
	at org.apache.catalina.core.ApplicationFilterChain.doFilter(ApplicationFilterChain.java:153) ~[tomcat-embed-core-9.0.75.jar:9.0.75]
	at org.springframework.web.filter.FormContentFilter.doFilterInternal(FormContentFilter.java:93) ~[spring-web-5.3.27.jar:5.3.27]
	at org.springframework.web.filter.OncePerRequestFilter.doFilter(OncePerRequestFilter.java:117) ~[spring-web-5.3.27.jar:5.3.27]
	at org.apache.catalina.core.ApplicationFilterChain.internalDoFilter(ApplicationFilterChain.java:178) ~[tomcat-embed-core-9.0.75.jar:9.0.75]
	at org.apache.catalina.core.ApplicationFilterChain.doFilter(ApplicationFilterChain.java:153) ~[tomcat-embed-core-9.0.75.jar:9.0.75]
	at org.springframework.web.filter.CharacterEncodingFilter.doFilterInternal(CharacterEncodingFilter.java:201) ~[spring-web-5.3.27.jar:5.3.27]
	at org.springframework.web.filter.OncePerRequestFilter.doFilter(OncePerRequestFilter.java:117) ~[spring-web-5.3.27.jar:5.3.27]
	at org.apache.catalina.core.ApplicationFilterChain.internalDoFilter(ApplicationFilterChain.java:178) ~[tomcat-embed-core-9.0.75.jar:9.0.75]
	at org.apache.catalina.core.ApplicationFilterChain.doFilter(ApplicationFilterChain.java:153) ~[tomcat-embed-core-9.0.75.jar:9.0.75]
	at org.apache.catalina.core.StandardWrapperValve.invoke(StandardWrapperValve.java:167) ~[tomcat-embed-core-9.0.75.jar:9.0.75]
	at org.apache.catalina.core.StandardContextValve.invoke(StandardContextValve.java:90) ~[tomcat-embed-core-9.0.75.jar:9.0.75]
	at org.apache.catalina.authenticator.AuthenticatorBase.invoke(AuthenticatorBase.java:481) ~[tomcat-embed-core-9.0.75.jar:9.0.75]
	at org.apache.catalina.core.StandardHostValve.invoke(StandardHostValve.java:130) ~[tomcat-embed-core-9.0.75.jar:9.0.75]
	at org.apache.catalina.valves.ErrorReportValve.invoke(ErrorReportValve.java:93) ~[tomcat-embed-core-9.0.75.jar:9.0.75]
	at org.apache.catalina.core.StandardEngineValve.invoke(StandardEngineValve.java:74) ~[tomcat-embed-core-9.0.75.jar:9.0.75]
	at org.apache.catalina.connector.CoyoteAdapter.service(CoyoteAdapter.java:343) ~[tomcat-embed-core-9.0.75.jar:9.0.75]
	at org.apache.coyote.http11.Http11Processor.service(Http11Processor.java:390) ~[tomcat-embed-core-9.0.75.jar:9.0.75]
	at org.apache.coyote.AbstractProcessorLight.process(AbstractProcessorLight.java:63) ~[tomcat-embed-core-9.0.75.jar:9.0.75]
	at org.apache.coyote.AbstractProtocol$ConnectionHandler.process(AbstractProtocol.java:926) ~[tomcat-embed-core-9.0.75.jar:9.0.75]
	at org.apache.tomcat.util.net.NioEndpoint$SocketProcessor.doRun(NioEndpoint.java:1791) ~[tomcat-embed-core-9.0.75.jar:9.0.75]
	at org.apache.tomcat.util.net.SocketProcessorBase.run(SocketProcessorBase.java:52) ~[tomcat-embed-core-9.0.75.jar:9.0.75]
	at org.apache.tomcat.util.threads.ThreadPoolExecutor.runWorker(ThreadPoolExecutor.java:1191) ~[tomcat-embed-core-9.0.75.jar:9.0.75]
	at org.apache.tomcat.util.threads.ThreadPoolExecutor$Worker.run(ThreadPoolExecutor.java:659) ~[tomcat-embed-core-9.0.75.jar:9.0.75]
	at org.apache.tomcat.util.threads.TaskThread$WrappingRunnable.run(TaskThread.java:61) ~[tomcat-embed-core-9.0.75.jar:9.0.75]
	at java.base/java.lang.Thread.run(Thread.java:834) ~[na:na]

12:04:11:498 DEBUG 26188 --- [http-nio-8082-exec-5] c.h.cart.mapper.CartMapper.selectList    : ==>  Preparing: SELECT id,user_id,item_id,num,name,spec,price,image,create_time,update_time FROM com/hmall/cart WHERE (user_id = ?)
12:04:11:500 DEBUG 26188 --- [http-nio-8082-exec-5] c.h.cart.mapper.CartMapper.selectList    : ==> Parameters: null
12:04:11:505 ERROR 26188 --- [http-nio-8082-exec-5] o.a.c.c.C.[.[.[/].[dispatcherServlet]    : Servlet.service() for servlet [dispatcherServlet] in context with path [] threw exception [Request processing failed; nested exception is org.springframework.jdbc.BadSqlGrammarException: 
### Error querying database.  Cause: java.sql.SQLSyntaxErrorException: You have an error in your SQL syntax; check the manual that corresponds to your MySQL server version for the right syntax to use near '/hmall/cart 
 
 WHERE (user_id = null)' at line 1
### The error may exist in com/hmall/cart/mapper/CartMapper.java (best guess)
### The error may involve defaultParameterMap
### The error occurred while setting parameters
### SQL: SELECT  id,user_id,item_id,num,name,spec,price,image,create_time,update_time  FROM com/hmall/cart     WHERE (user_id = ?)
### Cause: java.sql.SQLSyntaxErrorException: You have an error in your SQL syntax; check the manual that corresponds to your MySQL server version for the right syntax to use near '/hmall/cart 
 
 WHERE (user_id = null)' at line 1
; bad SQL grammar []; nested exception is java.sql.SQLSyntaxErrorException: You have an error in your SQL syntax; check the manual that corresponds to your MySQL server version for the right syntax to use near '/hmall/cart 
 
 WHERE (user_id = null)' at line 1] with root cause

java.sql.SQLSyntaxErrorException: You have an error in your SQL syntax; check the manual that corresponds to your MySQL server version for the right syntax to use near '/hmall/cart 
 
 WHERE (user_id = null)' at line 1
	at com.mysql.cj.jdbc.exceptions.SQLError.createSQLException(SQLError.java:120) ~[mysql-connector-java-8.0.23.jar:8.0.23]
	at com.mysql.cj.jdbc.exceptions.SQLExceptionsMapping.translateException(SQLExceptionsMapping.java:122) ~[mysql-connector-java-8.0.23.jar:8.0.23]
	at com.mysql.cj.jdbc.ClientPreparedStatement.executeInternal(ClientPreparedStatement.java:953) ~[mysql-connector-java-8.0.23.jar:8.0.23]
	at com.mysql.cj.jdbc.ClientPreparedStatement.execute(ClientPreparedStatement.java:370) ~[mysql-connector-java-8.0.23.jar:8.0.23]
	at com.zaxxer.hikari.pool.ProxyPreparedStatement.execute(ProxyPreparedStatement.java:44) ~[HikariCP-4.0.3.jar:na]
	at com.zaxxer.hikari.pool.HikariProxyPreparedStatement.execute(HikariProxyPreparedStatement.java) ~[HikariCP-4.0.3.jar:na]
	at java.base/jdk.internal.reflect.NativeMethodAccessorImpl.invoke0(Native Method) ~[na:na]
	at java.base/jdk.internal.reflect.NativeMethodAccessorImpl.invoke(NativeMethodAccessorImpl.java:62) ~[na:na]
	at java.base/jdk.internal.reflect.DelegatingMethodAccessorImpl.invoke(DelegatingMethodAccessorImpl.java:43) ~[na:na]
	at java.base/java.lang.reflect.Method.invoke(Method.java:566) ~[na:na]
	at org.apache.ibatis.logging.jdbc.PreparedStatementLogger.invoke(PreparedStatementLogger.java:59) ~[mybatis-3.5.7.jar:3.5.7]
	at com.sun.proxy.$Proxy113.execute(Unknown Source) ~[na:na]
	at org.apache.ibatis.executor.statement.PreparedStatementHandler.query(PreparedStatementHandler.java:64) ~[mybatis-3.5.7.jar:3.5.7]
	at org.apache.ibatis.executor.statement.RoutingStatementHandler.query(RoutingStatementHandler.java:79) ~[mybatis-3.5.7.jar:3.5.7]
	at java.base/jdk.internal.reflect.NativeMethodAccessorImpl.invoke0(Native Method) ~[na:na]
	at java.base/jdk.internal.reflect.NativeMethodAccessorImpl.invoke(NativeMethodAccessorImpl.java:62) ~[na:na]
	at java.base/jdk.internal.reflect.DelegatingMethodAccessorImpl.invoke(DelegatingMethodAccessorImpl.java:43) ~[na:na]
	at java.base/java.lang.reflect.Method.invoke(Method.java:566) ~[na:na]
	at org.apache.ibatis.plugin.Plugin.invoke(Plugin.java:64) ~[mybatis-3.5.7.jar:3.5.7]
	at com.sun.proxy.$Proxy111.query(Unknown Source) ~[na:na]
	at org.apache.ibatis.executor.SimpleExecutor.doQuery(SimpleExecutor.java:63) ~[mybatis-3.5.7.jar:3.5.7]
	at org.apache.ibatis.executor.BaseExecutor.queryFromDatabase(BaseExecutor.java:325) ~[mybatis-3.5.7.jar:3.5.7]
	at org.apache.ibatis.executor.BaseExecutor.query(BaseExecutor.java:156) ~[mybatis-3.5.7.jar:3.5.7]
	at org.apache.ibatis.executor.CachingExecutor.query(CachingExecutor.java:109) ~[mybatis-3.5.7.jar:3.5.7]
	at com.baomidou.mybatisplus.extension.plugins.MybatisPlusInterceptor.intercept(MybatisPlusInterceptor.java:81) ~[mybatis-plus-extension-3.4.3.jar:3.4.3]
	at org.apache.ibatis.plugin.Plugin.invoke(Plugin.java:62) ~[mybatis-3.5.7.jar:3.5.7]
	at com.sun.proxy.$Proxy109.query(Unknown Source) ~[na:na]
	at org.apache.ibatis.session.defaults.DefaultSqlSession.selectList(DefaultSqlSession.java:151) ~[mybatis-3.5.7.jar:3.5.7]
	at org.apache.ibatis.session.defaults.DefaultSqlSession.selectList(DefaultSqlSession.java:145) ~[mybatis-3.5.7.jar:3.5.7]
	at org.apache.ibatis.session.defaults.DefaultSqlSession.selectList(DefaultSqlSession.java:140) ~[mybatis-3.5.7.jar:3.5.7]
	at java.base/jdk.internal.reflect.NativeMethodAccessorImpl.invoke0(Native Method) ~[na:na]
	at java.base/jdk.internal.reflect.NativeMethodAccessorImpl.invoke(NativeMethodAccessorImpl.java:62) ~[na:na]
	at java.base/jdk.internal.reflect.DelegatingMethodAccessorImpl.invoke(DelegatingMethodAccessorImpl.java:43) ~[na:na]
	at java.base/java.lang.reflect.Method.invoke(Method.java:566) ~[na:na]
	at org.mybatis.spring.SqlSessionTemplate$SqlSessionInterceptor.invoke(SqlSessionTemplate.java:427) ~[mybatis-spring-2.0.6.jar:2.0.6]
	at com.sun.proxy.$Proxy88.selectList(Unknown Source) ~[na:na]
	at org.mybatis.spring.SqlSessionTemplate.selectList(SqlSessionTemplate.java:224) ~[mybatis-spring-2.0.6.jar:2.0.6]
	at com.baomidou.mybatisplus.core.override.MybatisMapperMethod.executeForMany(MybatisMapperMethod.java:166) ~[mybatis-plus-core-3.4.3.jar:3.4.3]
	at com.baomidou.mybatisplus.core.override.MybatisMapperMethod.execute(MybatisMapperMethod.java:77) ~[mybatis-plus-core-3.4.3.jar:3.4.3]
	at com.baomidou.mybatisplus.core.override.MybatisMapperProxy$PlainMethodInvoker.invoke(MybatisMapperProxy.java:148) ~[mybatis-plus-core-3.4.3.jar:3.4.3]
	at com.baomidou.mybatisplus.core.override.MybatisMapperProxy.invoke(MybatisMapperProxy.java:89) ~[mybatis-plus-core-3.4.3.jar:3.4.3]
	at com.sun.proxy.$Proxy89.selectList(Unknown Source) ~[na:na]
	at com.baomidou.mybatisplus.extension.conditions.query.ChainQuery.list(ChainQuery.java:39) ~[mybatis-plus-extension-3.4.3.jar:3.4.3]
	at com.hmall.cart.service.impl.CartServiceImpl.queryMyCarts(CartServiceImpl.java:64) ~[classes/:na]
	at com.hmall.cart.service.impl.CartServiceImpl$$FastClassBySpringCGLIB$$7813828f.invoke(<generated>) ~[classes/:na]
	at org.springframework.cglib.proxy.MethodProxy.invoke(MethodProxy.java:218) ~[spring-core-5.3.27.jar:5.3.27]
	at org.springframework.aop.framework.CglibAopProxy.invokeMethod(CglibAopProxy.java:386) ~[spring-aop-5.3.27.jar:5.3.27]
	at org.springframework.aop.framework.CglibAopProxy.access$000(CglibAopProxy.java:85) ~[spring-aop-5.3.27.jar:5.3.27]
	at org.springframework.aop.framework.CglibAopProxy$DynamicAdvisedInterceptor.intercept(CglibAopProxy.java:704) ~[spring-aop-5.3.27.jar:5.3.27]
	at com.hmall.cart.service.impl.CartServiceImpl$$EnhancerBySpringCGLIB$$734d13ef.queryMyCarts(<generated>) ~[classes/:na]
	at com.hmall.cart.controller.CartController.queryMyCarts(CartController.java:46) ~[classes/:na]
	at java.base/jdk.internal.reflect.NativeMethodAccessorImpl.invoke0(Native Method) ~[na:na]
	at java.base/jdk.internal.reflect.NativeMethodAccessorImpl.invoke(NativeMethodAccessorImpl.java:62) ~[na:na]
	at java.base/jdk.internal.reflect.DelegatingMethodAccessorImpl.invoke(DelegatingMethodAccessorImpl.java:43) ~[na:na]
	at java.base/java.lang.reflect.Method.invoke(Method.java:566) ~[na:na]
	at org.springframework.web.method.support.InvocableHandlerMethod.doInvoke(InvocableHandlerMethod.java:205) ~[spring-web-5.3.27.jar:5.3.27]
	at org.springframework.web.method.support.InvocableHandlerMethod.invokeForRequest(InvocableHandlerMethod.java:150) ~[spring-web-5.3.27.jar:5.3.27]
	at org.springframework.web.servlet.mvc.method.annotation.ServletInvocableHandlerMethod.invokeAndHandle(ServletInvocableHandlerMethod.java:117) ~[spring-webmvc-5.3.27.jar:5.3.27]
	at org.springframework.web.servlet.mvc.method.annotation.RequestMappingHandlerAdapter.invokeHandlerMethod(RequestMappingHandlerAdapter.java:895) ~[spring-webmvc-5.3.27.jar:5.3.27]
	at org.springframework.web.servlet.mvc.method.annotation.RequestMappingHandlerAdapter.handleInternal(RequestMappingHandlerAdapter.java:808) ~[spring-webmvc-5.3.27.jar:5.3.27]
	at org.springframework.web.servlet.mvc.method.AbstractHandlerMethodAdapter.handle(AbstractHandlerMethodAdapter.java:87) ~[spring-webmvc-5.3.27.jar:5.3.27]
	at org.springframework.web.servlet.DispatcherServlet.doDispatch(DispatcherServlet.java:1072) ~[spring-webmvc-5.3.27.jar:5.3.27]
	at org.springframework.web.servlet.DispatcherServlet.doService(DispatcherServlet.java:965) ~[spring-webmvc-5.3.27.jar:5.3.27]
	at org.springframework.web.servlet.FrameworkServlet.processRequest(FrameworkServlet.java:1006) ~[spring-webmvc-5.3.27.jar:5.3.27]
	at org.springframework.web.servlet.FrameworkServlet.doGet(FrameworkServlet.java:898) ~[spring-webmvc-5.3.27.jar:5.3.27]
	at javax.servlet.http.HttpServlet.service(HttpServlet.java:529) ~[tomcat-embed-core-9.0.75.jar:4.0.FR]
	at org.springframework.web.servlet.FrameworkServlet.service(FrameworkServlet.java:883) ~[spring-webmvc-5.3.27.jar:5.3.27]
	at javax.servlet.http.HttpServlet.service(HttpServlet.java:623) ~[tomcat-embed-core-9.0.75.jar:4.0.FR]
	at org.apache.catalina.core.ApplicationFilterChain.internalDoFilter(ApplicationFilterChain.java:209) ~[tomcat-embed-core-9.0.75.jar:9.0.75]
	at org.apache.catalina.core.ApplicationFilterChain.doFilter(ApplicationFilterChain.java:153) ~[tomcat-embed-core-9.0.75.jar:9.0.75]
	at org.apache.tomcat.websocket.server.WsFilter.doFilter(WsFilter.java:51) ~[tomcat-embed-websocket-9.0.75.jar:9.0.75]
	at org.apache.catalina.core.ApplicationFilterChain.internalDoFilter(ApplicationFilterChain.java:178) ~[tomcat-embed-core-9.0.75.jar:9.0.75]
	at org.apache.catalina.core.ApplicationFilterChain.doFilter(ApplicationFilterChain.java:153) ~[tomcat-embed-core-9.0.75.jar:9.0.75]
	at org.springframework.web.filter.RequestContextFilter.doFilterInternal(RequestContextFilter.java:100) ~[spring-web-5.3.27.jar:5.3.27]
	at org.springframework.web.filter.OncePerRequestFilter.doFilter(OncePerRequestFilter.java:117) ~[spring-web-5.3.27.jar:5.3.27]
	at org.apache.catalina.core.ApplicationFilterChain.internalDoFilter(ApplicationFilterChain.java:178) ~[tomcat-embed-core-9.0.75.jar:9.0.75]
	at org.apache.catalina.core.ApplicationFilterChain.doFilter(ApplicationFilterChain.java:153) ~[tomcat-embed-core-9.0.75.jar:9.0.75]
	at org.springframework.web.filter.FormContentFilter.doFilterInternal(FormContentFilter.java:93) ~[spring-web-5.3.27.jar:5.3.27]
	at org.springframework.web.filter.OncePerRequestFilter.doFilter(OncePerRequestFilter.java:117) ~[spring-web-5.3.27.jar:5.3.27]
	at org.apache.catalina.core.ApplicationFilterChain.internalDoFilter(ApplicationFilterChain.java:178) ~[tomcat-embed-core-9.0.75.jar:9.0.75]
	at org.apache.catalina.core.ApplicationFilterChain.doFilter(ApplicationFilterChain.java:153) ~[tomcat-embed-core-9.0.75.jar:9.0.75]
	at org.springframework.web.filter.CharacterEncodingFilter.doFilterInternal(CharacterEncodingFilter.java:201) ~[spring-web-5.3.27.jar:5.3.27]
	at org.springframework.web.filter.OncePerRequestFilter.doFilter(OncePerRequestFilter.java:117) ~[spring-web-5.3.27.jar:5.3.27]
	at org.apache.catalina.core.ApplicationFilterChain.internalDoFilter(ApplicationFilterChain.java:178) ~[tomcat-embed-core-9.0.75.jar:9.0.75]
	at org.apache.catalina.core.ApplicationFilterChain.doFilter(ApplicationFilterChain.java:153) ~[tomcat-embed-core-9.0.75.jar:9.0.75]
	at org.apache.catalina.core.StandardWrapperValve.invoke(StandardWrapperValve.java:167) ~[tomcat-embed-core-9.0.75.jar:9.0.75]
	at org.apache.catalina.core.StandardContextValve.invoke(StandardContextValve.java:90) ~[tomcat-embed-core-9.0.75.jar:9.0.75]
	at org.apache.catalina.authenticator.AuthenticatorBase.invoke(AuthenticatorBase.java:481) ~[tomcat-embed-core-9.0.75.jar:9.0.75]
	at org.apache.catalina.core.StandardHostValve.invoke(StandardHostValve.java:130) ~[tomcat-embed-core-9.0.75.jar:9.0.75]
	at org.apache.catalina.valves.ErrorReportValve.invoke(ErrorReportValve.java:93) ~[tomcat-embed-core-9.0.75.jar:9.0.75]
	at org.apache.catalina.core.StandardEngineValve.invoke(StandardEngineValve.java:74) ~[tomcat-embed-core-9.0.75.jar:9.0.75]
	at org.apache.catalina.connector.CoyoteAdapter.service(CoyoteAdapter.java:343) ~[tomcat-embed-core-9.0.75.jar:9.0.75]
	at org.apache.coyote.http11.Http11Processor.service(Http11Processor.java:390) ~[tomcat-embed-core-9.0.75.jar:9.0.75]
	at org.apache.coyote.AbstractProcessorLight.process(AbstractProcessorLight.java:63) ~[tomcat-embed-core-9.0.75.jar:9.0.75]
	at org.apache.coyote.AbstractProtocol$ConnectionHandler.process(AbstractProtocol.java:926) ~[tomcat-embed-core-9.0.75.jar:9.0.75]
	at org.apache.tomcat.util.net.NioEndpoint$SocketProcessor.doRun(NioEndpoint.java:1791) ~[tomcat-embed-core-9.0.75.jar:9.0.75]
	at org.apache.tomcat.util.net.SocketProcessorBase.run(SocketProcessorBase.java:52) ~[tomcat-embed-core-9.0.75.jar:9.0.75]
	at org.apache.tomcat.util.threads.ThreadPoolExecutor.runWorker(ThreadPoolExecutor.java:1191) ~[tomcat-embed-core-9.0.75.jar:9.0.75]
	at org.apache.tomcat.util.threads.ThreadPoolExecutor$Worker.run(ThreadPoolExecutor.java:659) ~[tomcat-embed-core-9.0.75.jar:9.0.75]
	at org.apache.tomcat.util.threads.TaskThread$WrappingRunnable.run(TaskThread.java:61) ~[tomcat-embed-core-9.0.75.jar:9.0.75]
	at java.base/java.lang.Thread.run(Thread.java:834) ~[na:na]

12:04:44:338  INFO 26188 --- [SpringApplicationShutdownHook] com.zaxxer.hikari.HikariDataSource       : HikariPool-1 - Shutdown initiated...
12:04:44:352  INFO 26188 --- [SpringApplicationShutdownHook] com.zaxxer.hikari.HikariDataSource       : HikariPool-1 - Shutdown completed.
12:04:48:914  INFO 28908 --- [main] com.hmall.cart.CartServiceApplication    : Starting CartServiceApplication using Java 11.0.23 on LAPTOP-RMAHIPBG with PID 28908 (D:\IdeaData\hmall-micro\cart-service\target\classes started by admin in D:\IdeaData\hmall-micro)
12:04:48:916 DEBUG 28908 --- [main] com.hmall.cart.CartServiceApplication    : Running with Spring Boot v2.7.12, Spring v5.3.27
12:04:48:916  INFO 28908 --- [main] com.hmall.cart.CartServiceApplication    : The following 1 profile is active: "dev"
12:04:50:020  INFO 28908 --- [main] o.s.b.w.embedded.tomcat.TomcatWebServer  : Tomcat initialized with port(s): 8082 (http)
12:04:50:028  INFO 28908 --- [main] o.apache.catalina.core.StandardService   : Starting service [Tomcat]
12:04:50:028  INFO 28908 --- [main] org.apache.catalina.core.StandardEngine  : Starting Servlet engine: [Apache Tomcat/9.0.75]
12:04:50:143  INFO 28908 --- [main] o.a.c.c.C.[Tomcat].[localhost].[/]       : Initializing Spring embedded WebApplicationContext
12:04:50:143  INFO 28908 --- [main] w.s.c.ServletWebServerApplicationContext : Root WebApplicationContext: initialization completed in 1187 ms
12:04:51:426  INFO 28908 --- [main] pertySourcedRequestMappingHandlerMapping : Mapped URL path [/v2/api-docs] onto method [springfox.documentation.swagger2.web.Swagger2ControllerWebMvc#getDocumentation(String, HttpServletRequest)]
12:04:51:488  INFO 28908 --- [main] o.s.b.w.embedded.tomcat.TomcatWebServer  : Tomcat started on port(s): 8082 (http) with context path ''
12:04:51:490  INFO 28908 --- [main] d.s.w.p.DocumentationPluginsBootstrapper : Documentation plugins bootstrapped
12:04:51:491  INFO 28908 --- [main] d.s.w.p.DocumentationPluginsBootstrapper : Found 1 custom documentation plugin(s)
12:04:51:514  INFO 28908 --- [main] s.d.s.w.s.ApiListingReferenceScanner     : Scanning for api listing references
12:04:51:606  INFO 28908 --- [main] com.hmall.cart.CartServiceApplication    : Started CartServiceApplication in 3.105 seconds (JVM running for 4.11)
12:05:45:411  INFO 28908 --- [http-nio-8082-exec-1] o.a.c.c.C.[Tomcat].[localhost].[/]       : Initializing Spring DispatcherServlet 'dispatcherServlet'
12:05:45:413  INFO 28908 --- [http-nio-8082-exec-1] o.s.web.servlet.DispatcherServlet        : Initializing Servlet 'dispatcherServlet'
12:05:45:414  INFO 28908 --- [http-nio-8082-exec-1] o.s.web.servlet.DispatcherServlet        : Completed initialization in 1 ms
12:05:45:547  INFO 28908 --- [http-nio-8082-exec-1] com.zaxxer.hikari.HikariDataSource       : HikariPool-1 - Starting...
12:05:45:845  INFO 28908 --- [http-nio-8082-exec-1] com.zaxxer.hikari.HikariDataSource       : HikariPool-1 - Start completed.
12:05:45:853 DEBUG 28908 --- [http-nio-8082-exec-1] c.h.cart.mapper.CartMapper.selectList    : ==>  Preparing: SELECT id,user_id,item_id,num,name,spec,price,image,create_time,update_time FROM com/hmall/cart WHERE (user_id = ?)
12:05:45:873 DEBUG 28908 --- [http-nio-8082-exec-1] c.h.cart.mapper.CartMapper.selectList    : ==> Parameters: 1(Long)
12:05:45:967 ERROR 28908 --- [http-nio-8082-exec-1] o.a.c.c.C.[.[.[/].[dispatcherServlet]    : Servlet.service() for servlet [dispatcherServlet] in context with path [] threw exception [Request processing failed; nested exception is org.springframework.jdbc.BadSqlGrammarException: 
### Error querying database.  Cause: java.sql.SQLSyntaxErrorException: You have an error in your SQL syntax; check the manual that corresponds to your MySQL server version for the right syntax to use near '/hmall/cart 
 
 WHERE (user_id = 1)' at line 1
### The error may exist in com/hmall/cart/mapper/CartMapper.java (best guess)
### The error may involve defaultParameterMap
### The error occurred while setting parameters
### SQL: SELECT  id,user_id,item_id,num,name,spec,price,image,create_time,update_time  FROM com/hmall/cart     WHERE (user_id = ?)
### Cause: java.sql.SQLSyntaxErrorException: You have an error in your SQL syntax; check the manual that corresponds to your MySQL server version for the right syntax to use near '/hmall/cart 
 
 WHERE (user_id = 1)' at line 1
; bad SQL grammar []; nested exception is java.sql.SQLSyntaxErrorException: You have an error in your SQL syntax; check the manual that corresponds to your MySQL server version for the right syntax to use near '/hmall/cart 
 
 WHERE (user_id = 1)' at line 1] with root cause

java.sql.SQLSyntaxErrorException: You have an error in your SQL syntax; check the manual that corresponds to your MySQL server version for the right syntax to use near '/hmall/cart 
 
 WHERE (user_id = 1)' at line 1
	at com.mysql.cj.jdbc.exceptions.SQLError.createSQLException(SQLError.java:120) ~[mysql-connector-java-8.0.23.jar:8.0.23]
	at com.mysql.cj.jdbc.exceptions.SQLExceptionsMapping.translateException(SQLExceptionsMapping.java:122) ~[mysql-connector-java-8.0.23.jar:8.0.23]
	at com.mysql.cj.jdbc.ClientPreparedStatement.executeInternal(ClientPreparedStatement.java:953) ~[mysql-connector-java-8.0.23.jar:8.0.23]
	at com.mysql.cj.jdbc.ClientPreparedStatement.execute(ClientPreparedStatement.java:370) ~[mysql-connector-java-8.0.23.jar:8.0.23]
	at com.zaxxer.hikari.pool.ProxyPreparedStatement.execute(ProxyPreparedStatement.java:44) ~[HikariCP-4.0.3.jar:na]
	at com.zaxxer.hikari.pool.HikariProxyPreparedStatement.execute(HikariProxyPreparedStatement.java) ~[HikariCP-4.0.3.jar:na]
	at java.base/jdk.internal.reflect.NativeMethodAccessorImpl.invoke0(Native Method) ~[na:na]
	at java.base/jdk.internal.reflect.NativeMethodAccessorImpl.invoke(NativeMethodAccessorImpl.java:62) ~[na:na]
	at java.base/jdk.internal.reflect.DelegatingMethodAccessorImpl.invoke(DelegatingMethodAccessorImpl.java:43) ~[na:na]
	at java.base/java.lang.reflect.Method.invoke(Method.java:566) ~[na:na]
	at org.apache.ibatis.logging.jdbc.PreparedStatementLogger.invoke(PreparedStatementLogger.java:59) ~[mybatis-3.5.7.jar:3.5.7]
	at com.sun.proxy.$Proxy113.execute(Unknown Source) ~[na:na]
	at org.apache.ibatis.executor.statement.PreparedStatementHandler.query(PreparedStatementHandler.java:64) ~[mybatis-3.5.7.jar:3.5.7]
	at org.apache.ibatis.executor.statement.RoutingStatementHandler.query(RoutingStatementHandler.java:79) ~[mybatis-3.5.7.jar:3.5.7]
	at java.base/jdk.internal.reflect.NativeMethodAccessorImpl.invoke0(Native Method) ~[na:na]
	at java.base/jdk.internal.reflect.NativeMethodAccessorImpl.invoke(NativeMethodAccessorImpl.java:62) ~[na:na]
	at java.base/jdk.internal.reflect.DelegatingMethodAccessorImpl.invoke(DelegatingMethodAccessorImpl.java:43) ~[na:na]
	at java.base/java.lang.reflect.Method.invoke(Method.java:566) ~[na:na]
	at org.apache.ibatis.plugin.Plugin.invoke(Plugin.java:64) ~[mybatis-3.5.7.jar:3.5.7]
	at com.sun.proxy.$Proxy111.query(Unknown Source) ~[na:na]
	at org.apache.ibatis.executor.SimpleExecutor.doQuery(SimpleExecutor.java:63) ~[mybatis-3.5.7.jar:3.5.7]
	at org.apache.ibatis.executor.BaseExecutor.queryFromDatabase(BaseExecutor.java:325) ~[mybatis-3.5.7.jar:3.5.7]
	at org.apache.ibatis.executor.BaseExecutor.query(BaseExecutor.java:156) ~[mybatis-3.5.7.jar:3.5.7]
	at org.apache.ibatis.executor.CachingExecutor.query(CachingExecutor.java:109) ~[mybatis-3.5.7.jar:3.5.7]
	at com.baomidou.mybatisplus.extension.plugins.MybatisPlusInterceptor.intercept(MybatisPlusInterceptor.java:81) ~[mybatis-plus-extension-3.4.3.jar:3.4.3]
	at org.apache.ibatis.plugin.Plugin.invoke(Plugin.java:62) ~[mybatis-3.5.7.jar:3.5.7]
	at com.sun.proxy.$Proxy109.query(Unknown Source) ~[na:na]
	at org.apache.ibatis.session.defaults.DefaultSqlSession.selectList(DefaultSqlSession.java:151) ~[mybatis-3.5.7.jar:3.5.7]
	at org.apache.ibatis.session.defaults.DefaultSqlSession.selectList(DefaultSqlSession.java:145) ~[mybatis-3.5.7.jar:3.5.7]
	at org.apache.ibatis.session.defaults.DefaultSqlSession.selectList(DefaultSqlSession.java:140) ~[mybatis-3.5.7.jar:3.5.7]
	at java.base/jdk.internal.reflect.NativeMethodAccessorImpl.invoke0(Native Method) ~[na:na]
	at java.base/jdk.internal.reflect.NativeMethodAccessorImpl.invoke(NativeMethodAccessorImpl.java:62) ~[na:na]
	at java.base/jdk.internal.reflect.DelegatingMethodAccessorImpl.invoke(DelegatingMethodAccessorImpl.java:43) ~[na:na]
	at java.base/java.lang.reflect.Method.invoke(Method.java:566) ~[na:na]
	at org.mybatis.spring.SqlSessionTemplate$SqlSessionInterceptor.invoke(SqlSessionTemplate.java:427) ~[mybatis-spring-2.0.6.jar:2.0.6]
	at com.sun.proxy.$Proxy88.selectList(Unknown Source) ~[na:na]
	at org.mybatis.spring.SqlSessionTemplate.selectList(SqlSessionTemplate.java:224) ~[mybatis-spring-2.0.6.jar:2.0.6]
	at com.baomidou.mybatisplus.core.override.MybatisMapperMethod.executeForMany(MybatisMapperMethod.java:166) ~[mybatis-plus-core-3.4.3.jar:3.4.3]
	at com.baomidou.mybatisplus.core.override.MybatisMapperMethod.execute(MybatisMapperMethod.java:77) ~[mybatis-plus-core-3.4.3.jar:3.4.3]
	at com.baomidou.mybatisplus.core.override.MybatisMapperProxy$PlainMethodInvoker.invoke(MybatisMapperProxy.java:148) ~[mybatis-plus-core-3.4.3.jar:3.4.3]
	at com.baomidou.mybatisplus.core.override.MybatisMapperProxy.invoke(MybatisMapperProxy.java:89) ~[mybatis-plus-core-3.4.3.jar:3.4.3]
	at com.sun.proxy.$Proxy89.selectList(Unknown Source) ~[na:na]
	at com.baomidou.mybatisplus.extension.conditions.query.ChainQuery.list(ChainQuery.java:39) ~[mybatis-plus-extension-3.4.3.jar:3.4.3]
	at com.hmall.cart.service.impl.CartServiceImpl.queryMyCarts(CartServiceImpl.java:64) ~[classes/:na]
	at com.hmall.cart.service.impl.CartServiceImpl$$FastClassBySpringCGLIB$$7813828f.invoke(<generated>) ~[classes/:na]
	at org.springframework.cglib.proxy.MethodProxy.invoke(MethodProxy.java:218) ~[spring-core-5.3.27.jar:5.3.27]
	at org.springframework.aop.framework.CglibAopProxy.invokeMethod(CglibAopProxy.java:386) ~[spring-aop-5.3.27.jar:5.3.27]
	at org.springframework.aop.framework.CglibAopProxy.access$000(CglibAopProxy.java:85) ~[spring-aop-5.3.27.jar:5.3.27]
	at org.springframework.aop.framework.CglibAopProxy$DynamicAdvisedInterceptor.intercept(CglibAopProxy.java:704) ~[spring-aop-5.3.27.jar:5.3.27]
	at com.hmall.cart.service.impl.CartServiceImpl$$EnhancerBySpringCGLIB$$537d110d.queryMyCarts(<generated>) ~[classes/:na]
	at com.hmall.cart.controller.CartController.queryMyCarts(CartController.java:46) ~[classes/:na]
	at java.base/jdk.internal.reflect.NativeMethodAccessorImpl.invoke0(Native Method) ~[na:na]
	at java.base/jdk.internal.reflect.NativeMethodAccessorImpl.invoke(NativeMethodAccessorImpl.java:62) ~[na:na]
	at java.base/jdk.internal.reflect.DelegatingMethodAccessorImpl.invoke(DelegatingMethodAccessorImpl.java:43) ~[na:na]
	at java.base/java.lang.reflect.Method.invoke(Method.java:566) ~[na:na]
	at org.springframework.web.method.support.InvocableHandlerMethod.doInvoke(InvocableHandlerMethod.java:205) ~[spring-web-5.3.27.jar:5.3.27]
	at org.springframework.web.method.support.InvocableHandlerMethod.invokeForRequest(InvocableHandlerMethod.java:150) ~[spring-web-5.3.27.jar:5.3.27]
	at org.springframework.web.servlet.mvc.method.annotation.ServletInvocableHandlerMethod.invokeAndHandle(ServletInvocableHandlerMethod.java:117) ~[spring-webmvc-5.3.27.jar:5.3.27]
	at org.springframework.web.servlet.mvc.method.annotation.RequestMappingHandlerAdapter.invokeHandlerMethod(RequestMappingHandlerAdapter.java:895) ~[spring-webmvc-5.3.27.jar:5.3.27]
	at org.springframework.web.servlet.mvc.method.annotation.RequestMappingHandlerAdapter.handleInternal(RequestMappingHandlerAdapter.java:808) ~[spring-webmvc-5.3.27.jar:5.3.27]
	at org.springframework.web.servlet.mvc.method.AbstractHandlerMethodAdapter.handle(AbstractHandlerMethodAdapter.java:87) ~[spring-webmvc-5.3.27.jar:5.3.27]
	at org.springframework.web.servlet.DispatcherServlet.doDispatch(DispatcherServlet.java:1072) ~[spring-webmvc-5.3.27.jar:5.3.27]
	at org.springframework.web.servlet.DispatcherServlet.doService(DispatcherServlet.java:965) ~[spring-webmvc-5.3.27.jar:5.3.27]
	at org.springframework.web.servlet.FrameworkServlet.processRequest(FrameworkServlet.java:1006) ~[spring-webmvc-5.3.27.jar:5.3.27]
	at org.springframework.web.servlet.FrameworkServlet.doGet(FrameworkServlet.java:898) ~[spring-webmvc-5.3.27.jar:5.3.27]
	at javax.servlet.http.HttpServlet.service(HttpServlet.java:529) ~[tomcat-embed-core-9.0.75.jar:4.0.FR]
	at org.springframework.web.servlet.FrameworkServlet.service(FrameworkServlet.java:883) ~[spring-webmvc-5.3.27.jar:5.3.27]
	at javax.servlet.http.HttpServlet.service(HttpServlet.java:623) ~[tomcat-embed-core-9.0.75.jar:4.0.FR]
	at org.apache.catalina.core.ApplicationFilterChain.internalDoFilter(ApplicationFilterChain.java:209) ~[tomcat-embed-core-9.0.75.jar:9.0.75]
	at org.apache.catalina.core.ApplicationFilterChain.doFilter(ApplicationFilterChain.java:153) ~[tomcat-embed-core-9.0.75.jar:9.0.75]
	at org.apache.tomcat.websocket.server.WsFilter.doFilter(WsFilter.java:51) ~[tomcat-embed-websocket-9.0.75.jar:9.0.75]
	at org.apache.catalina.core.ApplicationFilterChain.internalDoFilter(ApplicationFilterChain.java:178) ~[tomcat-embed-core-9.0.75.jar:9.0.75]
	at org.apache.catalina.core.ApplicationFilterChain.doFilter(ApplicationFilterChain.java:153) ~[tomcat-embed-core-9.0.75.jar:9.0.75]
	at org.springframework.web.filter.RequestContextFilter.doFilterInternal(RequestContextFilter.java:100) ~[spring-web-5.3.27.jar:5.3.27]
	at org.springframework.web.filter.OncePerRequestFilter.doFilter(OncePerRequestFilter.java:117) ~[spring-web-5.3.27.jar:5.3.27]
	at org.apache.catalina.core.ApplicationFilterChain.internalDoFilter(ApplicationFilterChain.java:178) ~[tomcat-embed-core-9.0.75.jar:9.0.75]
	at org.apache.catalina.core.ApplicationFilterChain.doFilter(ApplicationFilterChain.java:153) ~[tomcat-embed-core-9.0.75.jar:9.0.75]
	at org.springframework.web.filter.FormContentFilter.doFilterInternal(FormContentFilter.java:93) ~[spring-web-5.3.27.jar:5.3.27]
	at org.springframework.web.filter.OncePerRequestFilter.doFilter(OncePerRequestFilter.java:117) ~[spring-web-5.3.27.jar:5.3.27]
	at org.apache.catalina.core.ApplicationFilterChain.internalDoFilter(ApplicationFilterChain.java:178) ~[tomcat-embed-core-9.0.75.jar:9.0.75]
	at org.apache.catalina.core.ApplicationFilterChain.doFilter(ApplicationFilterChain.java:153) ~[tomcat-embed-core-9.0.75.jar:9.0.75]
	at org.springframework.web.filter.CharacterEncodingFilter.doFilterInternal(CharacterEncodingFilter.java:201) ~[spring-web-5.3.27.jar:5.3.27]
	at org.springframework.web.filter.OncePerRequestFilter.doFilter(OncePerRequestFilter.java:117) ~[spring-web-5.3.27.jar:5.3.27]
	at org.apache.catalina.core.ApplicationFilterChain.internalDoFilter(ApplicationFilterChain.java:178) ~[tomcat-embed-core-9.0.75.jar:9.0.75]
	at org.apache.catalina.core.ApplicationFilterChain.doFilter(ApplicationFilterChain.java:153) ~[tomcat-embed-core-9.0.75.jar:9.0.75]
	at org.apache.catalina.core.StandardWrapperValve.invoke(StandardWrapperValve.java:167) ~[tomcat-embed-core-9.0.75.jar:9.0.75]
	at org.apache.catalina.core.StandardContextValve.invoke(StandardContextValve.java:90) ~[tomcat-embed-core-9.0.75.jar:9.0.75]
	at org.apache.catalina.authenticator.AuthenticatorBase.invoke(AuthenticatorBase.java:481) ~[tomcat-embed-core-9.0.75.jar:9.0.75]
	at org.apache.catalina.core.StandardHostValve.invoke(StandardHostValve.java:130) ~[tomcat-embed-core-9.0.75.jar:9.0.75]
	at org.apache.catalina.valves.ErrorReportValve.invoke(ErrorReportValve.java:93) ~[tomcat-embed-core-9.0.75.jar:9.0.75]
	at org.apache.catalina.core.StandardEngineValve.invoke(StandardEngineValve.java:74) ~[tomcat-embed-core-9.0.75.jar:9.0.75]
	at org.apache.catalina.connector.CoyoteAdapter.service(CoyoteAdapter.java:343) ~[tomcat-embed-core-9.0.75.jar:9.0.75]
	at org.apache.coyote.http11.Http11Processor.service(Http11Processor.java:390) ~[tomcat-embed-core-9.0.75.jar:9.0.75]
	at org.apache.coyote.AbstractProcessorLight.process(AbstractProcessorLight.java:63) ~[tomcat-embed-core-9.0.75.jar:9.0.75]
	at org.apache.coyote.AbstractProtocol$ConnectionHandler.process(AbstractProtocol.java:926) ~[tomcat-embed-core-9.0.75.jar:9.0.75]
	at org.apache.tomcat.util.net.NioEndpoint$SocketProcessor.doRun(NioEndpoint.java:1791) ~[tomcat-embed-core-9.0.75.jar:9.0.75]
	at org.apache.tomcat.util.net.SocketProcessorBase.run(SocketProcessorBase.java:52) ~[tomcat-embed-core-9.0.75.jar:9.0.75]
	at org.apache.tomcat.util.threads.ThreadPoolExecutor.runWorker(ThreadPoolExecutor.java:1191) ~[tomcat-embed-core-9.0.75.jar:9.0.75]
	at org.apache.tomcat.util.threads.ThreadPoolExecutor$Worker.run(ThreadPoolExecutor.java:659) ~[tomcat-embed-core-9.0.75.jar:9.0.75]
	at org.apache.tomcat.util.threads.TaskThread$WrappingRunnable.run(TaskThread.java:61) ~[tomcat-embed-core-9.0.75.jar:9.0.75]
	at java.base/java.lang.Thread.run(Thread.java:834) ~[na:na]

12:10:50:824  INFO 28908 --- [SpringApplicationShutdownHook] com.zaxxer.hikari.HikariDataSource       : HikariPool-1 - Shutdown initiated...
12:10:50:840  INFO 28908 --- [SpringApplicationShutdownHook] com.zaxxer.hikari.HikariDataSource       : HikariPool-1 - Shutdown completed.
12:10:55:170  INFO 24768 --- [main] com.hmall.cart.CartServiceApplication    : Starting CartServiceApplication using Java 11.0.23 on LAPTOP-RMAHIPBG with PID 24768 (D:\IdeaData\hmall-micro\cart-service\target\classes started by admin in D:\IdeaData\hmall-micro)
12:10:55:171 DEBUG 24768 --- [main] com.hmall.cart.CartServiceApplication    : Running with Spring Boot v2.7.12, Spring v5.3.27
12:10:55:173  INFO 24768 --- [main] com.hmall.cart.CartServiceApplication    : The following 1 profile is active: "dev"
12:10:56:271  INFO 24768 --- [main] o.s.b.w.embedded.tomcat.TomcatWebServer  : Tomcat initialized with port(s): 8082 (http)
12:10:56:280  INFO 24768 --- [main] o.apache.catalina.core.StandardService   : Starting service [Tomcat]
12:10:56:280  INFO 24768 --- [main] org.apache.catalina.core.StandardEngine  : Starting Servlet engine: [Apache Tomcat/9.0.75]
12:10:56:407  INFO 24768 --- [main] o.a.c.c.C.[Tomcat].[localhost].[/]       : Initializing Spring embedded WebApplicationContext
12:10:56:407  INFO 24768 --- [main] w.s.c.ServletWebServerApplicationContext : Root WebApplicationContext: initialization completed in 1195 ms
12:10:57:664  INFO 24768 --- [main] pertySourcedRequestMappingHandlerMapping : Mapped URL path [/v2/api-docs] onto method [springfox.documentation.swagger2.web.Swagger2ControllerWebMvc#getDocumentation(String, HttpServletRequest)]
12:10:57:732  INFO 24768 --- [main] o.s.b.w.embedded.tomcat.TomcatWebServer  : Tomcat started on port(s): 8082 (http) with context path ''
12:10:57:733  INFO 24768 --- [main] d.s.w.p.DocumentationPluginsBootstrapper : Documentation plugins bootstrapped
12:10:57:735  INFO 24768 --- [main] d.s.w.p.DocumentationPluginsBootstrapper : Found 1 custom documentation plugin(s)
12:10:57:763  INFO 24768 --- [main] s.d.s.w.s.ApiListingReferenceScanner     : Scanning for api listing references
12:10:57:857  INFO 24768 --- [main] com.hmall.cart.CartServiceApplication    : Started CartServiceApplication in 3.044 seconds (JVM running for 3.954)
12:11:12:598  INFO 24768 --- [http-nio-8082-exec-1] o.a.c.c.C.[Tomcat].[localhost].[/]       : Initializing Spring DispatcherServlet 'dispatcherServlet'
12:11:12:599  INFO 24768 --- [http-nio-8082-exec-1] o.s.web.servlet.DispatcherServlet        : Initializing Servlet 'dispatcherServlet'
12:11:12:602  INFO 24768 --- [http-nio-8082-exec-1] o.s.web.servlet.DispatcherServlet        : Completed initialization in 1 ms
12:11:12:728  INFO 24768 --- [http-nio-8082-exec-1] com.zaxxer.hikari.HikariDataSource       : HikariPool-1 - Starting...
12:11:13:039  INFO 24768 --- [http-nio-8082-exec-1] com.zaxxer.hikari.HikariDataSource       : HikariPool-1 - Start completed.
12:11:13:048 DEBUG 24768 --- [http-nio-8082-exec-1] c.h.cart.mapper.CartMapper.selectList    : ==>  Preparing: SELECT id,user_id,item_id,num,name,spec,price,image,create_time,update_time FROM cart WHERE (user_id = ?)
12:11:13:076 DEBUG 24768 --- [http-nio-8082-exec-1] c.h.cart.mapper.CartMapper.selectList    : ==> Parameters: 1(Long)
12:11:13:107 DEBUG 24768 --- [http-nio-8082-exec-1] c.h.cart.mapper.CartMapper.selectList    : <==      Total: 1
12:18:48:025  INFO 24768 --- [SpringApplicationShutdownHook] com.zaxxer.hikari.HikariDataSource       : HikariPool-1 - Shutdown initiated...
12:18:48:043  INFO 24768 --- [SpringApplicationShutdownHook] com.zaxxer.hikari.HikariDataSource       : HikariPool-1 - Shutdown completed.
12:18:52:591  INFO 3496 --- [main] com.hmall.cart.CartServiceApplication    : Starting CartServiceApplication using Java 11.0.23 on LAPTOP-RMAHIPBG with PID 3496 (D:\IdeaData\hmall-micro\cart-service\target\classes started by admin in D:\IdeaData\hmall-micro)
12:18:52:593 DEBUG 3496 --- [main] com.hmall.cart.CartServiceApplication    : Running with Spring Boot v2.7.12, Spring v5.3.27
12:18:52:594  INFO 3496 --- [main] com.hmall.cart.CartServiceApplication    : The following 1 profile is active: "dev"
12:18:54:179  INFO 3496 --- [main] o.s.b.w.embedded.tomcat.TomcatWebServer  : Tomcat initialized with port(s): 8082 (http)
12:18:54:189  INFO 3496 --- [main] o.apache.catalina.core.StandardService   : Starting service [Tomcat]
12:18:54:189  INFO 3496 --- [main] org.apache.catalina.core.StandardEngine  : Starting Servlet engine: [Apache Tomcat/9.0.75]
12:18:54:318  INFO 3496 --- [main] o.a.c.c.C.[Tomcat].[localhost].[/]       : Initializing Spring embedded WebApplicationContext
12:18:54:318  INFO 3496 --- [main] w.s.c.ServletWebServerApplicationContext : Root WebApplicationContext: initialization completed in 1678 ms
12:18:55:779  INFO 3496 --- [main] pertySourcedRequestMappingHandlerMapping : Mapped URL path [/v2/api-docs] onto method [springfox.documentation.swagger2.web.Swagger2ControllerWebMvc#getDocumentation(String, HttpServletRequest)]
12:18:55:848  INFO 3496 --- [main] o.s.b.w.embedded.tomcat.TomcatWebServer  : Tomcat started on port(s): 8082 (http) with context path ''
12:18:55:849  INFO 3496 --- [main] d.s.w.p.DocumentationPluginsBootstrapper : Documentation plugins bootstrapped
12:18:55:852  INFO 3496 --- [main] d.s.w.p.DocumentationPluginsBootstrapper : Found 1 custom documentation plugin(s)
12:18:55:876  INFO 3496 --- [main] s.d.s.w.s.ApiListingReferenceScanner     : Scanning for api listing references
12:18:55:995  INFO 3496 --- [main] com.hmall.cart.CartServiceApplication    : Started CartServiceApplication in 3.899 seconds (JVM running for 5.187)
12:20:40:406  INFO 3496 --- [http-nio-8082-exec-1] o.a.c.c.C.[Tomcat].[localhost].[/]       : Initializing Spring DispatcherServlet 'dispatcherServlet'
12:20:40:410  INFO 3496 --- [http-nio-8082-exec-1] o.s.web.servlet.DispatcherServlet        : Initializing Servlet 'dispatcherServlet'
12:20:40:429  INFO 3496 --- [http-nio-8082-exec-1] o.s.web.servlet.DispatcherServlet        : Completed initialization in 19 ms
12:20:43:450  INFO 3496 --- [http-nio-8082-exec-6] com.zaxxer.hikari.HikariDataSource       : HikariPool-1 - Starting...
12:20:43:788  INFO 3496 --- [http-nio-8082-exec-6] com.zaxxer.hikari.HikariDataSource       : HikariPool-1 - Start completed.
12:20:43:797 DEBUG 3496 --- [http-nio-8082-exec-6] c.h.cart.mapper.CartMapper.selectList    : ==>  Preparing: SELECT id,user_id,item_id,num,name,spec,price,image,create_time,update_time FROM cart WHERE (user_id = ?)
12:20:43:820 DEBUG 3496 --- [http-nio-8082-exec-6] c.h.cart.mapper.CartMapper.selectList    : ==> Parameters: 1(Long)
12:20:43:848 DEBUG 3496 --- [http-nio-8082-exec-6] c.h.cart.mapper.CartMapper.selectList    : <==      Total: 1
12:24:01:608  INFO 3496 --- [SpringApplicationShutdownHook] com.zaxxer.hikari.HikariDataSource       : HikariPool-1 - Shutdown initiated...
12:24:01:634  INFO 3496 --- [SpringApplicationShutdownHook] com.zaxxer.hikari.HikariDataSource       : HikariPool-1 - Shutdown completed.
14:54:33:026  INFO 5516 --- [main] com.hmall.cart.CartServiceApplication    : Starting CartServiceApplication using Java 11.0.23 on LAPTOP-RMAHIPBG with PID 5516 (D:\IdeaData\hmall-micro\cart-service\target\classes started by admin in D:\IdeaData\hmall-micro)
14:54:33:028 DEBUG 5516 --- [main] com.hmall.cart.CartServiceApplication    : Running with Spring Boot v2.7.12, Spring v5.3.27
14:54:33:028  INFO 5516 --- [main] com.hmall.cart.CartServiceApplication    : The following 1 profile is active: "dev"
14:54:34:174  INFO 5516 --- [main] o.s.b.w.embedded.tomcat.TomcatWebServer  : Tomcat initialized with port(s): 8082 (http)
14:54:34:181  INFO 5516 --- [main] o.apache.catalina.core.StandardService   : Starting service [Tomcat]
14:54:34:182  INFO 5516 --- [main] org.apache.catalina.core.StandardEngine  : Starting Servlet engine: [Apache Tomcat/9.0.75]
14:54:34:310  INFO 5516 --- [main] o.a.c.c.C.[Tomcat].[localhost].[/]       : Initializing Spring embedded WebApplicationContext
14:54:34:310  INFO 5516 --- [main] w.s.c.ServletWebServerApplicationContext : Root WebApplicationContext: initialization completed in 1236 ms
14:54:35:665  INFO 5516 --- [main] pertySourcedRequestMappingHandlerMapping : Mapped URL path [/v2/api-docs] onto method [springfox.documentation.swagger2.web.Swagger2ControllerWebMvc#getDocumentation(String, HttpServletRequest)]
14:54:35:727  INFO 5516 --- [main] o.s.b.w.embedded.tomcat.TomcatWebServer  : Tomcat started on port(s): 8082 (http) with context path ''
14:54:35:728  INFO 5516 --- [main] d.s.w.p.DocumentationPluginsBootstrapper : Documentation plugins bootstrapped
14:54:35:730  INFO 5516 --- [main] d.s.w.p.DocumentationPluginsBootstrapper : Found 1 custom documentation plugin(s)
14:54:35:760  INFO 5516 --- [main] s.d.s.w.s.ApiListingReferenceScanner     : Scanning for api listing references
14:54:35:858  INFO 5516 --- [main] com.hmall.cart.CartServiceApplication    : Started CartServiceApplication in 3.249 seconds (JVM running for 4.23)
14:57:34:104  INFO 5516 --- [http-nio-8082-exec-2] o.a.c.c.C.[Tomcat].[localhost].[/]       : Initializing Spring DispatcherServlet 'dispatcherServlet'
14:57:34:107  INFO 5516 --- [http-nio-8082-exec-2] o.s.web.servlet.DispatcherServlet        : Initializing Servlet 'dispatcherServlet'
14:57:34:128  INFO 5516 --- [http-nio-8082-exec-2] o.s.web.servlet.DispatcherServlet        : Completed initialization in 20 ms
14:57:38:689  INFO 5516 --- [http-nio-8082-exec-5] com.zaxxer.hikari.HikariDataSource       : HikariPool-1 - Starting...
14:57:39:052  INFO 5516 --- [http-nio-8082-exec-5] com.zaxxer.hikari.HikariDataSource       : HikariPool-1 - Start completed.
14:57:39:060 DEBUG 5516 --- [http-nio-8082-exec-5] c.h.cart.mapper.CartMapper.selectList    : ==>  Preparing: SELECT id,user_id,item_id,num,name,spec,price,image,create_time,update_time FROM cart WHERE (user_id = ?)
14:57:39:086 DEBUG 5516 --- [http-nio-8082-exec-5] c.h.cart.mapper.CartMapper.selectList    : ==> Parameters: 1(Long)
14:57:39:121 DEBUG 5516 --- [http-nio-8082-exec-5] c.h.cart.mapper.CartMapper.selectList    : <==      Total: 1
15:26:37:908  INFO 5516 --- [SpringApplicationShutdownHook] com.zaxxer.hikari.HikariDataSource       : HikariPool-1 - Shutdown initiated...
15:26:37:931  INFO 5516 --- [SpringApplicationShutdownHook] com.zaxxer.hikari.HikariDataSource       : HikariPool-1 - Shutdown completed.
15:26:45:500  INFO 21288 --- [main] c.a.nacos.client.logging.NacosLogging    : Nacos Logging Adapter Builder: com.alibaba.nacos.logger.adapter.logback12.LogbackNacosLoggingAdapterBuilder
15:26:45:503  INFO 21288 --- [main] c.a.nacos.client.logging.NacosLogging    : Nacos Logging Adapter: com.alibaba.nacos.logger.adapter.logback12.LogbackNacosLoggingAdapter match ch.qos.logback.classic.Logger success.
15:26:45:510  INFO 21288 --- [main] c.a.nacos.client.logging.NacosLogging    : Nacos Logging Adapter Builder: com.alibaba.nacos.logger.adapter.logback14.LogbackNacosLoggingAdapterBuilder
15:26:45:510  INFO 21288 --- [main] c.a.nacos.client.logging.NacosLogging    : Nacos Logging Adapter Builder: com.alibaba.nacos.logger.adapter.log4j2.Log4j2NacosLoggingAdapterBuilder
15:26:45:615  INFO 21288 --- [main] com.hmall.cart.CartServiceApplication    : Starting CartServiceApplication using Java 11.0.23 on LAPTOP-RMAHIPBG with PID 21288 (D:\IdeaData\hmall-micro\cart-service\target\classes started by admin in D:\IdeaData\hmall-micro)
15:26:45:615 DEBUG 21288 --- [main] com.hmall.cart.CartServiceApplication    : Running with Spring Boot v2.7.12, Spring v5.3.27
15:26:45:617  INFO 21288 --- [main] com.hmall.cart.CartServiceApplication    : The following 1 profile is active: "dev"
15:26:46:560  INFO 21288 --- [main] o.s.cloud.context.scope.GenericScope     : BeanFactory id=c49596f2-88bc-327b-bf27-d2aa41426525
15:26:46:859  INFO 21288 --- [main] o.s.b.w.embedded.tomcat.TomcatWebServer  : Tomcat initialized with port(s): 8082 (http)
15:26:46:866  INFO 21288 --- [main] o.apache.catalina.core.StandardService   : Starting service [Tomcat]
15:26:46:866  INFO 21288 --- [main] org.apache.catalina.core.StandardEngine  : Starting Servlet engine: [Apache Tomcat/9.0.75]
15:26:47:022  INFO 21288 --- [main] o.a.c.c.C.[Tomcat].[localhost].[/]       : Initializing Spring embedded WebApplicationContext
15:26:47:023  INFO 21288 --- [main] w.s.c.ServletWebServerApplicationContext : Root WebApplicationContext: initialization completed in 1376 ms
15:26:49:594  INFO 21288 --- [main] pertySourcedRequestMappingHandlerMapping : Mapped URL path [/v2/api-docs] onto method [springfox.documentation.swagger2.web.Swagger2ControllerWebMvc#getDocumentation(String, HttpServletRequest)]
15:26:50:343  INFO 21288 --- [main] c.a.n.p.a.s.c.ClientAuthPluginManager    : [ClientAuthPluginManager] Load ClientAuthService com.alibaba.nacos.client.auth.impl.NacosClientAuthServiceImpl success.
15:26:50:344  INFO 21288 --- [main] c.a.n.p.a.s.c.ClientAuthPluginManager    : [ClientAuthPluginManager] Load ClientAuthService com.alibaba.nacos.client.auth.ram.RamClientAuthServiceImpl success.
15:26:51:913  INFO 21288 --- [main] c.a.n.c.a.AbstractAbilityControlManager  : Ready to get current node abilities...
15:26:51:916  INFO 21288 --- [main] c.a.n.c.a.AbstractAbilityControlManager  : Ready to initialize current node abilities, support modes: [SDK_CLIENT]
15:26:51:917  INFO 21288 --- [main] c.a.n.c.a.AbstractAbilityControlManager  : Initialize current abilities finish...
15:26:51:917  INFO 21288 --- [main] c.a.n.c.a.d.NacosAbilityManagerHolder    : [AbilityControlManager] Successfully initialize AbilityControlManager
15:26:51:978  INFO 21288 --- [main] o.s.b.w.embedded.tomcat.TomcatWebServer  : Tomcat started on port(s): 8082 (http) with context path ''
15:26:51:990  INFO 21288 --- [main] c.a.c.n.registry.NacosServiceRegistry    : nacos registry, DEFAULT_GROUP cart-service 10.165.161.72:8082 register finished
15:26:52:486  INFO 21288 --- [main] d.s.w.p.DocumentationPluginsBootstrapper : Documentation plugins bootstrapped
15:26:52:489  INFO 21288 --- [main] d.s.w.p.DocumentationPluginsBootstrapper : Found 1 custom documentation plugin(s)
15:26:52:527  INFO 21288 --- [main] s.d.s.w.s.ApiListingReferenceScanner     : Scanning for api listing references
15:26:52:596  INFO 21288 --- [main] com.hmall.cart.CartServiceApplication    : Started CartServiceApplication in 8.398 seconds (JVM running for 9.428)
15:28:32:165  INFO 21288 --- [http-nio-8082-exec-1] o.a.c.c.C.[Tomcat].[localhost].[/]       : Initializing Spring DispatcherServlet 'dispatcherServlet'
15:28:32:166  INFO 21288 --- [http-nio-8082-exec-1] o.s.web.servlet.DispatcherServlet        : Initializing Servlet 'dispatcherServlet'
15:28:32:170  INFO 21288 --- [http-nio-8082-exec-1] o.s.web.servlet.DispatcherServlet        : Completed initialization in 4 ms
15:28:32:317  INFO 21288 --- [http-nio-8082-exec-1] com.zaxxer.hikari.HikariDataSource       : HikariPool-1 - Starting...
15:28:32:641  INFO 21288 --- [http-nio-8082-exec-1] com.zaxxer.hikari.HikariDataSource       : HikariPool-1 - Start completed.
15:28:32:651 DEBUG 21288 --- [http-nio-8082-exec-1] c.h.cart.mapper.CartMapper.selectList    : ==>  Preparing: SELECT id,user_id,item_id,num,name,spec,price,image,create_time,update_time FROM cart WHERE (user_id = ?)
15:28:32:681 DEBUG 21288 --- [http-nio-8082-exec-1] c.h.cart.mapper.CartMapper.selectList    : ==> Parameters: 1(Long)
15:28:32:712 DEBUG 21288 --- [http-nio-8082-exec-1] c.h.cart.mapper.CartMapper.selectList    : <==      Total: 1
15:28:34:585 DEBUG 21288 --- [http-nio-8082-exec-2] c.h.cart.mapper.CartMapper.selectList    : ==>  Preparing: SELECT id,user_id,item_id,num,name,spec,price,image,create_time,update_time FROM cart WHERE (user_id = ?)
15:28:34:585 DEBUG 21288 --- [http-nio-8082-exec-2] c.h.cart.mapper.CartMapper.selectList    : ==> Parameters: 1(Long)
15:28:34:587 DEBUG 21288 --- [http-nio-8082-exec-2] c.h.cart.mapper.CartMapper.selectList    : <==      Total: 1
15:29:45:051  WARN 21288 --- [Thread-2] c.a.n.common.executor.ThreadPoolManager  : [ThreadPoolManager] Start destroying ThreadPool
15:29:45:051  WARN 21288 --- [Thread-15] c.a.n.common.http.HttpClientBeanHolder   : [HttpClientBeanHolder] Start destroying common HttpClient
15:29:45:051  WARN 21288 --- [Thread-13] c.a.nacos.common.notify.NotifyCenter     : [NotifyCenter] Start destroying Publisher
15:29:45:055  WARN 21288 --- [Thread-2] c.a.n.common.executor.ThreadPoolManager  : [ThreadPoolManager] Destruction of the end
15:29:45:055  WARN 21288 --- [Thread-13] c.a.nacos.common.notify.NotifyCenter     : [NotifyCenter] Destruction of the end
15:29:45:057  WARN 21288 --- [Thread-15] c.a.n.common.http.HttpClientBeanHolder   : [HttpClientBeanHolder] Destruction of the end
15:29:45:448  INFO 21288 --- [SpringApplicationShutdownHook] c.a.c.n.registry.NacosServiceRegistry    : De-registering from Nacos Server now...
15:29:45:458  INFO 21288 --- [SpringApplicationShutdownHook] c.a.c.n.registry.NacosServiceRegistry    : De-registration finished.
15:29:45:471  INFO 21288 --- [SpringApplicationShutdownHook] com.zaxxer.hikari.HikariDataSource       : HikariPool-1 - Shutdown initiated...
15:29:45:496  INFO 21288 --- [SpringApplicationShutdownHook] com.zaxxer.hikari.HikariDataSource       : HikariPool-1 - Shutdown completed.
15:29:50:114  INFO 7552 --- [main] c.a.nacos.client.logging.NacosLogging    : Nacos Logging Adapter Builder: com.alibaba.nacos.logger.adapter.logback12.LogbackNacosLoggingAdapterBuilder
15:29:50:119  INFO 7552 --- [main] c.a.nacos.client.logging.NacosLogging    : Nacos Logging Adapter: com.alibaba.nacos.logger.adapter.logback12.LogbackNacosLoggingAdapter match ch.qos.logback.classic.Logger success.
15:29:50:125  INFO 7552 --- [main] c.a.nacos.client.logging.NacosLogging    : Nacos Logging Adapter Builder: com.alibaba.nacos.logger.adapter.logback14.LogbackNacosLoggingAdapterBuilder
15:29:50:125  INFO 7552 --- [main] c.a.nacos.client.logging.NacosLogging    : Nacos Logging Adapter Builder: com.alibaba.nacos.logger.adapter.log4j2.Log4j2NacosLoggingAdapterBuilder
15:29:50:236  INFO 7552 --- [main] com.hmall.cart.CartServiceApplication    : Starting CartServiceApplication using Java 11.0.23 on LAPTOP-RMAHIPBG with PID 7552 (D:\IdeaData\hmall-micro\cart-service\target\classes started by admin in D:\IdeaData\hmall-micro)
15:29:50:236 DEBUG 7552 --- [main] com.hmall.cart.CartServiceApplication    : Running with Spring Boot v2.7.12, Spring v5.3.27
15:29:50:237  INFO 7552 --- [main] com.hmall.cart.CartServiceApplication    : The following 1 profile is active: "dev"
15:29:51:121  INFO 7552 --- [main] o.s.cloud.context.scope.GenericScope     : BeanFactory id=c49596f2-88bc-327b-bf27-d2aa41426525
15:29:51:414  INFO 7552 --- [main] o.s.b.w.embedded.tomcat.TomcatWebServer  : Tomcat initialized with port(s): 8082 (http)
15:29:51:423  INFO 7552 --- [main] o.apache.catalina.core.StandardService   : Starting service [Tomcat]
15:29:51:424  INFO 7552 --- [main] org.apache.catalina.core.StandardEngine  : Starting Servlet engine: [Apache Tomcat/9.0.75]
15:29:51:570  INFO 7552 --- [main] o.a.c.c.C.[Tomcat].[localhost].[/]       : Initializing Spring embedded WebApplicationContext
15:29:51:570  INFO 7552 --- [main] w.s.c.ServletWebServerApplicationContext : Root WebApplicationContext: initialization completed in 1297 ms
15:29:53:879  INFO 7552 --- [main] pertySourcedRequestMappingHandlerMapping : Mapped URL path [/v2/api-docs] onto method [springfox.documentation.swagger2.web.Swagger2ControllerWebMvc#getDocumentation(String, HttpServletRequest)]
15:29:54:668  INFO 7552 --- [main] c.a.n.p.a.s.c.ClientAuthPluginManager    : [ClientAuthPluginManager] Load ClientAuthService com.alibaba.nacos.client.auth.impl.NacosClientAuthServiceImpl success.
15:29:54:668  INFO 7552 --- [main] c.a.n.p.a.s.c.ClientAuthPluginManager    : [ClientAuthPluginManager] Load ClientAuthService com.alibaba.nacos.client.auth.ram.RamClientAuthServiceImpl success.
15:29:56:068  INFO 7552 --- [main] c.a.n.c.a.AbstractAbilityControlManager  : Ready to get current node abilities...
15:29:56:070  INFO 7552 --- [main] c.a.n.c.a.AbstractAbilityControlManager  : Ready to initialize current node abilities, support modes: [SDK_CLIENT]
15:29:56:071  INFO 7552 --- [main] c.a.n.c.a.AbstractAbilityControlManager  : Initialize current abilities finish...
15:29:56:071  INFO 7552 --- [main] c.a.n.c.a.d.NacosAbilityManagerHolder    : [AbilityControlManager] Successfully initialize AbilityControlManager
15:29:56:153  INFO 7552 --- [main] o.s.b.w.embedded.tomcat.TomcatWebServer  : Tomcat started on port(s): 8082 (http) with context path ''
15:29:56:166  INFO 7552 --- [main] c.a.c.n.registry.NacosServiceRegistry    : nacos registry, DEFAULT_GROUP cart-service 10.165.161.72:8082 register finished
15:29:56:672  INFO 7552 --- [main] d.s.w.p.DocumentationPluginsBootstrapper : Documentation plugins bootstrapped
15:29:56:674  INFO 7552 --- [main] d.s.w.p.DocumentationPluginsBootstrapper : Found 1 custom documentation plugin(s)
15:29:56:696  INFO 7552 --- [main] s.d.s.w.s.ApiListingReferenceScanner     : Scanning for api listing references
15:29:56:769  INFO 7552 --- [main] com.hmall.cart.CartServiceApplication    : Started CartServiceApplication in 7.675 seconds (JVM running for 8.744)
15:31:08:940  INFO 7552 --- [http-nio-8082-exec-1] o.a.c.c.C.[Tomcat].[localhost].[/]       : Initializing Spring DispatcherServlet 'dispatcherServlet'
15:31:08:943  INFO 7552 --- [http-nio-8082-exec-1] o.s.web.servlet.DispatcherServlet        : Initializing Servlet 'dispatcherServlet'
15:31:08:944  INFO 7552 --- [http-nio-8082-exec-1] o.s.web.servlet.DispatcherServlet        : Completed initialization in 1 ms
15:31:09:067  INFO 7552 --- [http-nio-8082-exec-1] com.zaxxer.hikari.HikariDataSource       : HikariPool-1 - Starting...
15:31:09:389  INFO 7552 --- [http-nio-8082-exec-1] com.zaxxer.hikari.HikariDataSource       : HikariPool-1 - Start completed.
15:31:09:396 DEBUG 7552 --- [http-nio-8082-exec-1] c.h.cart.mapper.CartMapper.selectList    : ==>  Preparing: SELECT id,user_id,item_id,num,name,spec,price,image,create_time,update_time FROM cart WHERE (user_id = ?)
15:31:09:422 DEBUG 7552 --- [http-nio-8082-exec-1] c.h.cart.mapper.CartMapper.selectList    : ==> Parameters: 1(Long)
15:31:09:452 DEBUG 7552 --- [http-nio-8082-exec-1] c.h.cart.mapper.CartMapper.selectList    : <==      Total: 1
15:31:12:257 ERROR 7552 --- [http-nio-8082-exec-1] o.a.c.c.C.[.[.[/].[dispatcherServlet]    : Servlet.service() for servlet [dispatcherServlet] in context with path [] threw exception [Request processing failed; nested exception is org.springframework.web.client.ResourceAccessException: I/O error on GET request for "http://item-service/items": item-service; nested exception is java.net.UnknownHostException: item-service] with root cause

java.net.UnknownHostException: item-service
	at java.base/java.net.AbstractPlainSocketImpl.connect(AbstractPlainSocketImpl.java:229) ~[na:na]
	at java.base/java.net.Socket.connect(Socket.java:608) ~[na:na]
	at java.base/java.net.Socket.connect(Socket.java:557) ~[na:na]
	at java.base/sun.net.NetworkClient.doConnect(NetworkClient.java:182) ~[na:na]
	at java.base/sun.net.www.http.HttpClient.openServer(HttpClient.java:510) ~[na:na]
	at java.base/sun.net.www.http.HttpClient.openServer(HttpClient.java:605) ~[na:na]
	at java.base/sun.net.www.http.HttpClient.<init>(HttpClient.java:278) ~[na:na]
	at java.base/sun.net.www.http.HttpClient.New(HttpClient.java:377) ~[na:na]
	at java.base/sun.net.www.http.HttpClient.New(HttpClient.java:398) ~[na:na]
	at java.base/sun.net.www.protocol.http.HttpURLConnection.getNewHttpClient(HttpURLConnection.java:1253) ~[na:na]
	at java.base/sun.net.www.protocol.http.HttpURLConnection.plainConnect0(HttpURLConnection.java:1187) ~[na:na]
	at java.base/sun.net.www.protocol.http.HttpURLConnection.plainConnect(HttpURLConnection.java:1081) ~[na:na]
	at java.base/sun.net.www.protocol.http.HttpURLConnection.connect(HttpURLConnection.java:1015) ~[na:na]
	at org.springframework.http.client.SimpleBufferingClientHttpRequest.executeInternal(SimpleBufferingClientHttpRequest.java:76) ~[spring-web-5.3.27.jar:5.3.27]
	at org.springframework.http.client.AbstractBufferingClientHttpRequest.executeInternal(AbstractBufferingClientHttpRequest.java:48) ~[spring-web-5.3.27.jar:5.3.27]
	at org.springframework.http.client.AbstractClientHttpRequest.execute(AbstractClientHttpRequest.java:66) ~[spring-web-5.3.27.jar:5.3.27]
	at org.springframework.web.client.RestTemplate.doExecute(RestTemplate.java:782) ~[spring-web-5.3.27.jar:5.3.27]
	at org.springframework.web.client.RestTemplate.execute(RestTemplate.java:717) ~[spring-web-5.3.27.jar:5.3.27]
	at org.springframework.web.client.RestTemplate.getForObject(RestTemplate.java:340) ~[spring-web-5.3.27.jar:5.3.27]
	at com.hmall.cart.service.impl.CartServiceImpl.handleCartItems(CartServiceImpl.java:84) ~[classes/:na]
	at com.hmall.cart.service.impl.CartServiceImpl.queryMyCarts(CartServiceImpl.java:74) ~[classes/:na]
	at com.hmall.cart.service.impl.CartServiceImpl$$FastClassBySpringCGLIB$$7813828f.invoke(<generated>) ~[classes/:na]
	at org.springframework.cglib.proxy.MethodProxy.invoke(MethodProxy.java:218) ~[spring-core-5.3.27.jar:5.3.27]
	at org.springframework.aop.framework.CglibAopProxy.invokeMethod(CglibAopProxy.java:386) ~[spring-aop-5.3.27.jar:5.3.27]
	at org.springframework.aop.framework.CglibAopProxy.access$000(CglibAopProxy.java:85) ~[spring-aop-5.3.27.jar:5.3.27]
	at org.springframework.aop.framework.CglibAopProxy$DynamicAdvisedInterceptor.intercept(CglibAopProxy.java:704) ~[spring-aop-5.3.27.jar:5.3.27]
	at com.hmall.cart.service.impl.CartServiceImpl$$EnhancerBySpringCGLIB$$bd2eb033.queryMyCarts(<generated>) ~[classes/:na]
	at com.hmall.cart.controller.CartController.queryMyCarts(CartController.java:46) ~[classes/:na]
	at java.base/jdk.internal.reflect.NativeMethodAccessorImpl.invoke0(Native Method) ~[na:na]
	at java.base/jdk.internal.reflect.NativeMethodAccessorImpl.invoke(NativeMethodAccessorImpl.java:62) ~[na:na]
	at java.base/jdk.internal.reflect.DelegatingMethodAccessorImpl.invoke(DelegatingMethodAccessorImpl.java:43) ~[na:na]
	at java.base/java.lang.reflect.Method.invoke(Method.java:566) ~[na:na]
	at org.springframework.web.method.support.InvocableHandlerMethod.doInvoke(InvocableHandlerMethod.java:205) ~[spring-web-5.3.27.jar:5.3.27]
	at org.springframework.web.method.support.InvocableHandlerMethod.invokeForRequest(InvocableHandlerMethod.java:150) ~[spring-web-5.3.27.jar:5.3.27]
	at org.springframework.web.servlet.mvc.method.annotation.ServletInvocableHandlerMethod.invokeAndHandle(ServletInvocableHandlerMethod.java:117) ~[spring-webmvc-5.3.27.jar:5.3.27]
	at org.springframework.web.servlet.mvc.method.annotation.RequestMappingHandlerAdapter.invokeHandlerMethod(RequestMappingHandlerAdapter.java:895) ~[spring-webmvc-5.3.27.jar:5.3.27]
	at org.springframework.web.servlet.mvc.method.annotation.RequestMappingHandlerAdapter.handleInternal(RequestMappingHandlerAdapter.java:808) ~[spring-webmvc-5.3.27.jar:5.3.27]
	at org.springframework.web.servlet.mvc.method.AbstractHandlerMethodAdapter.handle(AbstractHandlerMethodAdapter.java:87) ~[spring-webmvc-5.3.27.jar:5.3.27]
	at org.springframework.web.servlet.DispatcherServlet.doDispatch(DispatcherServlet.java:1072) ~[spring-webmvc-5.3.27.jar:5.3.27]
	at org.springframework.web.servlet.DispatcherServlet.doService(DispatcherServlet.java:965) ~[spring-webmvc-5.3.27.jar:5.3.27]
	at org.springframework.web.servlet.FrameworkServlet.processRequest(FrameworkServlet.java:1006) ~[spring-webmvc-5.3.27.jar:5.3.27]
	at org.springframework.web.servlet.FrameworkServlet.doGet(FrameworkServlet.java:898) ~[spring-webmvc-5.3.27.jar:5.3.27]
	at javax.servlet.http.HttpServlet.service(HttpServlet.java:529) ~[tomcat-embed-core-9.0.75.jar:4.0.FR]
	at org.springframework.web.servlet.FrameworkServlet.service(FrameworkServlet.java:883) ~[spring-webmvc-5.3.27.jar:5.3.27]
	at javax.servlet.http.HttpServlet.service(HttpServlet.java:623) ~[tomcat-embed-core-9.0.75.jar:4.0.FR]
	at org.apache.catalina.core.ApplicationFilterChain.internalDoFilter(ApplicationFilterChain.java:209) ~[tomcat-embed-core-9.0.75.jar:9.0.75]
	at org.apache.catalina.core.ApplicationFilterChain.doFilter(ApplicationFilterChain.java:153) ~[tomcat-embed-core-9.0.75.jar:9.0.75]
	at org.apache.tomcat.websocket.server.WsFilter.doFilter(WsFilter.java:51) ~[tomcat-embed-websocket-9.0.75.jar:9.0.75]
	at org.apache.catalina.core.ApplicationFilterChain.internalDoFilter(ApplicationFilterChain.java:178) ~[tomcat-embed-core-9.0.75.jar:9.0.75]
	at org.apache.catalina.core.ApplicationFilterChain.doFilter(ApplicationFilterChain.java:153) ~[tomcat-embed-core-9.0.75.jar:9.0.75]
	at org.springframework.web.filter.RequestContextFilter.doFilterInternal(RequestContextFilter.java:100) ~[spring-web-5.3.27.jar:5.3.27]
	at org.springframework.web.filter.OncePerRequestFilter.doFilter(OncePerRequestFilter.java:117) ~[spring-web-5.3.27.jar:5.3.27]
	at org.apache.catalina.core.ApplicationFilterChain.internalDoFilter(ApplicationFilterChain.java:178) ~[tomcat-embed-core-9.0.75.jar:9.0.75]
	at org.apache.catalina.core.ApplicationFilterChain.doFilter(ApplicationFilterChain.java:153) ~[tomcat-embed-core-9.0.75.jar:9.0.75]
	at org.springframework.web.filter.FormContentFilter.doFilterInternal(FormContentFilter.java:93) ~[spring-web-5.3.27.jar:5.3.27]
	at org.springframework.web.filter.OncePerRequestFilter.doFilter(OncePerRequestFilter.java:117) ~[spring-web-5.3.27.jar:5.3.27]
	at org.apache.catalina.core.ApplicationFilterChain.internalDoFilter(ApplicationFilterChain.java:178) ~[tomcat-embed-core-9.0.75.jar:9.0.75]
	at org.apache.catalina.core.ApplicationFilterChain.doFilter(ApplicationFilterChain.java:153) ~[tomcat-embed-core-9.0.75.jar:9.0.75]
	at org.springframework.web.filter.CharacterEncodingFilter.doFilterInternal(CharacterEncodingFilter.java:201) ~[spring-web-5.3.27.jar:5.3.27]
	at org.springframework.web.filter.OncePerRequestFilter.doFilter(OncePerRequestFilter.java:117) ~[spring-web-5.3.27.jar:5.3.27]
	at org.apache.catalina.core.ApplicationFilterChain.internalDoFilter(ApplicationFilterChain.java:178) ~[tomcat-embed-core-9.0.75.jar:9.0.75]
	at org.apache.catalina.core.ApplicationFilterChain.doFilter(ApplicationFilterChain.java:153) ~[tomcat-embed-core-9.0.75.jar:9.0.75]
	at org.apache.catalina.core.StandardWrapperValve.invoke(StandardWrapperValve.java:167) ~[tomcat-embed-core-9.0.75.jar:9.0.75]
	at org.apache.catalina.core.StandardContextValve.invoke(StandardContextValve.java:90) ~[tomcat-embed-core-9.0.75.jar:9.0.75]
	at org.apache.catalina.authenticator.AuthenticatorBase.invoke(AuthenticatorBase.java:481) ~[tomcat-embed-core-9.0.75.jar:9.0.75]
	at org.apache.catalina.core.StandardHostValve.invoke(StandardHostValve.java:130) ~[tomcat-embed-core-9.0.75.jar:9.0.75]
	at org.apache.catalina.valves.ErrorReportValve.invoke(ErrorReportValve.java:93) ~[tomcat-embed-core-9.0.75.jar:9.0.75]
	at org.apache.catalina.core.StandardEngineValve.invoke(StandardEngineValve.java:74) ~[tomcat-embed-core-9.0.75.jar:9.0.75]
	at org.apache.catalina.connector.CoyoteAdapter.service(CoyoteAdapter.java:343) ~[tomcat-embed-core-9.0.75.jar:9.0.75]
	at org.apache.coyote.http11.Http11Processor.service(Http11Processor.java:390) ~[tomcat-embed-core-9.0.75.jar:9.0.75]
	at org.apache.coyote.AbstractProcessorLight.process(AbstractProcessorLight.java:63) ~[tomcat-embed-core-9.0.75.jar:9.0.75]
	at org.apache.coyote.AbstractProtocol$ConnectionHandler.process(AbstractProtocol.java:926) ~[tomcat-embed-core-9.0.75.jar:9.0.75]
	at org.apache.tomcat.util.net.NioEndpoint$SocketProcessor.doRun(NioEndpoint.java:1791) ~[tomcat-embed-core-9.0.75.jar:9.0.75]
	at org.apache.tomcat.util.net.SocketProcessorBase.run(SocketProcessorBase.java:52) ~[tomcat-embed-core-9.0.75.jar:9.0.75]
	at org.apache.tomcat.util.threads.ThreadPoolExecutor.runWorker(ThreadPoolExecutor.java:1191) ~[tomcat-embed-core-9.0.75.jar:9.0.75]
	at org.apache.tomcat.util.threads.ThreadPoolExecutor$Worker.run(ThreadPoolExecutor.java:659) ~[tomcat-embed-core-9.0.75.jar:9.0.75]
	at org.apache.tomcat.util.threads.TaskThread$WrappingRunnable.run(TaskThread.java:61) ~[tomcat-embed-core-9.0.75.jar:9.0.75]
	at java.base/java.lang.Thread.run(Thread.java:834) ~[na:na]

15:31:37:060 DEBUG 7552 --- [http-nio-8082-exec-7] c.h.cart.mapper.CartMapper.selectList    : ==>  Preparing: SELECT id,user_id,item_id,num,name,spec,price,image,create_time,update_time FROM cart WHERE (user_id = ?)
15:31:37:060 DEBUG 7552 --- [http-nio-8082-exec-7] c.h.cart.mapper.CartMapper.selectList    : ==> Parameters: 1(Long)
15:31:37:064 DEBUG 7552 --- [http-nio-8082-exec-7] c.h.cart.mapper.CartMapper.selectList    : <==      Total: 1
15:31:39:738 ERROR 7552 --- [http-nio-8082-exec-7] o.a.c.c.C.[.[.[/].[dispatcherServlet]    : Servlet.service() for servlet [dispatcherServlet] in context with path [] threw exception [Request processing failed; nested exception is org.springframework.web.client.ResourceAccessException: I/O error on GET request for "http://item-service/items": item-service; nested exception is java.net.UnknownHostException: item-service] with root cause

java.net.UnknownHostException: item-service
	at java.base/java.net.AbstractPlainSocketImpl.connect(AbstractPlainSocketImpl.java:229) ~[na:na]
	at java.base/java.net.Socket.connect(Socket.java:608) ~[na:na]
	at java.base/java.net.Socket.connect(Socket.java:557) ~[na:na]
	at java.base/sun.net.NetworkClient.doConnect(NetworkClient.java:182) ~[na:na]
	at java.base/sun.net.www.http.HttpClient.openServer(HttpClient.java:510) ~[na:na]
	at java.base/sun.net.www.http.HttpClient.openServer(HttpClient.java:605) ~[na:na]
	at java.base/sun.net.www.http.HttpClient.<init>(HttpClient.java:278) ~[na:na]
	at java.base/sun.net.www.http.HttpClient.New(HttpClient.java:377) ~[na:na]
	at java.base/sun.net.www.http.HttpClient.New(HttpClient.java:398) ~[na:na]
	at java.base/sun.net.www.protocol.http.HttpURLConnection.getNewHttpClient(HttpURLConnection.java:1253) ~[na:na]
	at java.base/sun.net.www.protocol.http.HttpURLConnection.plainConnect0(HttpURLConnection.java:1187) ~[na:na]
	at java.base/sun.net.www.protocol.http.HttpURLConnection.plainConnect(HttpURLConnection.java:1081) ~[na:na]
	at java.base/sun.net.www.protocol.http.HttpURLConnection.connect(HttpURLConnection.java:1015) ~[na:na]
	at org.springframework.http.client.SimpleBufferingClientHttpRequest.executeInternal(SimpleBufferingClientHttpRequest.java:76) ~[spring-web-5.3.27.jar:5.3.27]
	at org.springframework.http.client.AbstractBufferingClientHttpRequest.executeInternal(AbstractBufferingClientHttpRequest.java:48) ~[spring-web-5.3.27.jar:5.3.27]
	at org.springframework.http.client.AbstractClientHttpRequest.execute(AbstractClientHttpRequest.java:66) ~[spring-web-5.3.27.jar:5.3.27]
	at org.springframework.web.client.RestTemplate.doExecute(RestTemplate.java:782) ~[spring-web-5.3.27.jar:5.3.27]
	at org.springframework.web.client.RestTemplate.execute(RestTemplate.java:717) ~[spring-web-5.3.27.jar:5.3.27]
	at org.springframework.web.client.RestTemplate.getForObject(RestTemplate.java:340) ~[spring-web-5.3.27.jar:5.3.27]
	at com.hmall.cart.service.impl.CartServiceImpl.handleCartItems(CartServiceImpl.java:84) ~[classes/:na]
	at com.hmall.cart.service.impl.CartServiceImpl.queryMyCarts(CartServiceImpl.java:74) ~[classes/:na]
	at com.hmall.cart.service.impl.CartServiceImpl$$FastClassBySpringCGLIB$$7813828f.invoke(<generated>) ~[classes/:na]
	at org.springframework.cglib.proxy.MethodProxy.invoke(MethodProxy.java:218) ~[spring-core-5.3.27.jar:5.3.27]
	at org.springframework.aop.framework.CglibAopProxy.invokeMethod(CglibAopProxy.java:386) ~[spring-aop-5.3.27.jar:5.3.27]
	at org.springframework.aop.framework.CglibAopProxy.access$000(CglibAopProxy.java:85) ~[spring-aop-5.3.27.jar:5.3.27]
	at org.springframework.aop.framework.CglibAopProxy$DynamicAdvisedInterceptor.intercept(CglibAopProxy.java:704) ~[spring-aop-5.3.27.jar:5.3.27]
	at com.hmall.cart.service.impl.CartServiceImpl$$EnhancerBySpringCGLIB$$bd2eb033.queryMyCarts(<generated>) ~[classes/:na]
	at com.hmall.cart.controller.CartController.queryMyCarts(CartController.java:46) ~[classes/:na]
	at java.base/jdk.internal.reflect.NativeMethodAccessorImpl.invoke0(Native Method) ~[na:na]
	at java.base/jdk.internal.reflect.NativeMethodAccessorImpl.invoke(NativeMethodAccessorImpl.java:62) ~[na:na]
	at java.base/jdk.internal.reflect.DelegatingMethodAccessorImpl.invoke(DelegatingMethodAccessorImpl.java:43) ~[na:na]
	at java.base/java.lang.reflect.Method.invoke(Method.java:566) ~[na:na]
	at org.springframework.web.method.support.InvocableHandlerMethod.doInvoke(InvocableHandlerMethod.java:205) ~[spring-web-5.3.27.jar:5.3.27]
	at org.springframework.web.method.support.InvocableHandlerMethod.invokeForRequest(InvocableHandlerMethod.java:150) ~[spring-web-5.3.27.jar:5.3.27]
	at org.springframework.web.servlet.mvc.method.annotation.ServletInvocableHandlerMethod.invokeAndHandle(ServletInvocableHandlerMethod.java:117) ~[spring-webmvc-5.3.27.jar:5.3.27]
	at org.springframework.web.servlet.mvc.method.annotation.RequestMappingHandlerAdapter.invokeHandlerMethod(RequestMappingHandlerAdapter.java:895) ~[spring-webmvc-5.3.27.jar:5.3.27]
	at org.springframework.web.servlet.mvc.method.annotation.RequestMappingHandlerAdapter.handleInternal(RequestMappingHandlerAdapter.java:808) ~[spring-webmvc-5.3.27.jar:5.3.27]
	at org.springframework.web.servlet.mvc.method.AbstractHandlerMethodAdapter.handle(AbstractHandlerMethodAdapter.java:87) ~[spring-webmvc-5.3.27.jar:5.3.27]
	at org.springframework.web.servlet.DispatcherServlet.doDispatch(DispatcherServlet.java:1072) ~[spring-webmvc-5.3.27.jar:5.3.27]
	at org.springframework.web.servlet.DispatcherServlet.doService(DispatcherServlet.java:965) ~[spring-webmvc-5.3.27.jar:5.3.27]
	at org.springframework.web.servlet.FrameworkServlet.processRequest(FrameworkServlet.java:1006) ~[spring-webmvc-5.3.27.jar:5.3.27]
	at org.springframework.web.servlet.FrameworkServlet.doGet(FrameworkServlet.java:898) ~[spring-webmvc-5.3.27.jar:5.3.27]
	at javax.servlet.http.HttpServlet.service(HttpServlet.java:529) ~[tomcat-embed-core-9.0.75.jar:4.0.FR]
	at org.springframework.web.servlet.FrameworkServlet.service(FrameworkServlet.java:883) ~[spring-webmvc-5.3.27.jar:5.3.27]
	at javax.servlet.http.HttpServlet.service(HttpServlet.java:623) ~[tomcat-embed-core-9.0.75.jar:4.0.FR]
	at org.apache.catalina.core.ApplicationFilterChain.internalDoFilter(ApplicationFilterChain.java:209) ~[tomcat-embed-core-9.0.75.jar:9.0.75]
	at org.apache.catalina.core.ApplicationFilterChain.doFilter(ApplicationFilterChain.java:153) ~[tomcat-embed-core-9.0.75.jar:9.0.75]
	at org.apache.tomcat.websocket.server.WsFilter.doFilter(WsFilter.java:51) ~[tomcat-embed-websocket-9.0.75.jar:9.0.75]
	at org.apache.catalina.core.ApplicationFilterChain.internalDoFilter(ApplicationFilterChain.java:178) ~[tomcat-embed-core-9.0.75.jar:9.0.75]
	at org.apache.catalina.core.ApplicationFilterChain.doFilter(ApplicationFilterChain.java:153) ~[tomcat-embed-core-9.0.75.jar:9.0.75]
	at org.springframework.web.filter.RequestContextFilter.doFilterInternal(RequestContextFilter.java:100) ~[spring-web-5.3.27.jar:5.3.27]
	at org.springframework.web.filter.OncePerRequestFilter.doFilter(OncePerRequestFilter.java:117) ~[spring-web-5.3.27.jar:5.3.27]
	at org.apache.catalina.core.ApplicationFilterChain.internalDoFilter(ApplicationFilterChain.java:178) ~[tomcat-embed-core-9.0.75.jar:9.0.75]
	at org.apache.catalina.core.ApplicationFilterChain.doFilter(ApplicationFilterChain.java:153) ~[tomcat-embed-core-9.0.75.jar:9.0.75]
	at org.springframework.web.filter.FormContentFilter.doFilterInternal(FormContentFilter.java:93) ~[spring-web-5.3.27.jar:5.3.27]
	at org.springframework.web.filter.OncePerRequestFilter.doFilter(OncePerRequestFilter.java:117) ~[spring-web-5.3.27.jar:5.3.27]
	at org.apache.catalina.core.ApplicationFilterChain.internalDoFilter(ApplicationFilterChain.java:178) ~[tomcat-embed-core-9.0.75.jar:9.0.75]
	at org.apache.catalina.core.ApplicationFilterChain.doFilter(ApplicationFilterChain.java:153) ~[tomcat-embed-core-9.0.75.jar:9.0.75]
	at org.springframework.web.filter.CharacterEncodingFilter.doFilterInternal(CharacterEncodingFilter.java:201) ~[spring-web-5.3.27.jar:5.3.27]
	at org.springframework.web.filter.OncePerRequestFilter.doFilter(OncePerRequestFilter.java:117) ~[spring-web-5.3.27.jar:5.3.27]
	at org.apache.catalina.core.ApplicationFilterChain.internalDoFilter(ApplicationFilterChain.java:178) ~[tomcat-embed-core-9.0.75.jar:9.0.75]
	at org.apache.catalina.core.ApplicationFilterChain.doFilter(ApplicationFilterChain.java:153) ~[tomcat-embed-core-9.0.75.jar:9.0.75]
	at org.apache.catalina.core.StandardWrapperValve.invoke(StandardWrapperValve.java:167) ~[tomcat-embed-core-9.0.75.jar:9.0.75]
	at org.apache.catalina.core.StandardContextValve.invoke(StandardContextValve.java:90) ~[tomcat-embed-core-9.0.75.jar:9.0.75]
	at org.apache.catalina.authenticator.AuthenticatorBase.invoke(AuthenticatorBase.java:481) ~[tomcat-embed-core-9.0.75.jar:9.0.75]
	at org.apache.catalina.core.StandardHostValve.invoke(StandardHostValve.java:130) ~[tomcat-embed-core-9.0.75.jar:9.0.75]
	at org.apache.catalina.valves.ErrorReportValve.invoke(ErrorReportValve.java:93) ~[tomcat-embed-core-9.0.75.jar:9.0.75]
	at org.apache.catalina.core.StandardEngineValve.invoke(StandardEngineValve.java:74) ~[tomcat-embed-core-9.0.75.jar:9.0.75]
	at org.apache.catalina.connector.CoyoteAdapter.service(CoyoteAdapter.java:343) ~[tomcat-embed-core-9.0.75.jar:9.0.75]
	at org.apache.coyote.http11.Http11Processor.service(Http11Processor.java:390) ~[tomcat-embed-core-9.0.75.jar:9.0.75]
	at org.apache.coyote.AbstractProcessorLight.process(AbstractProcessorLight.java:63) ~[tomcat-embed-core-9.0.75.jar:9.0.75]
	at org.apache.coyote.AbstractProtocol$ConnectionHandler.process(AbstractProtocol.java:926) ~[tomcat-embed-core-9.0.75.jar:9.0.75]
	at org.apache.tomcat.util.net.NioEndpoint$SocketProcessor.doRun(NioEndpoint.java:1791) ~[tomcat-embed-core-9.0.75.jar:9.0.75]
	at org.apache.tomcat.util.net.SocketProcessorBase.run(SocketProcessorBase.java:52) ~[tomcat-embed-core-9.0.75.jar:9.0.75]
	at org.apache.tomcat.util.threads.ThreadPoolExecutor.runWorker(ThreadPoolExecutor.java:1191) ~[tomcat-embed-core-9.0.75.jar:9.0.75]
	at org.apache.tomcat.util.threads.ThreadPoolExecutor$Worker.run(ThreadPoolExecutor.java:659) ~[tomcat-embed-core-9.0.75.jar:9.0.75]
	at org.apache.tomcat.util.threads.TaskThread$WrappingRunnable.run(TaskThread.java:61) ~[tomcat-embed-core-9.0.75.jar:9.0.75]
	at java.base/java.lang.Thread.run(Thread.java:834) ~[na:na]

15:32:13:712  WARN 7552 --- [Thread-2] c.a.n.common.executor.ThreadPoolManager  : [ThreadPoolManager] Start destroying ThreadPool
15:32:13:713  WARN 7552 --- [Thread-13] c.a.nacos.common.notify.NotifyCenter     : [NotifyCenter] Start destroying Publisher
15:32:13:713  WARN 7552 --- [Thread-15] c.a.n.common.http.HttpClientBeanHolder   : [HttpClientBeanHolder] Start destroying common HttpClient
15:32:13:714  WARN 7552 --- [Thread-13] c.a.nacos.common.notify.NotifyCenter     : [NotifyCenter] Destruction of the end
15:32:13:714  WARN 7552 --- [Thread-2] c.a.n.common.executor.ThreadPoolManager  : [ThreadPoolManager] Destruction of the end
15:32:13:714  WARN 7552 --- [Thread-15] c.a.n.common.http.HttpClientBeanHolder   : [HttpClientBeanHolder] Destruction of the end
15:32:14:127  INFO 7552 --- [SpringApplicationShutdownHook] c.a.c.n.registry.NacosServiceRegistry    : De-registering from Nacos Server now...
15:32:14:133  INFO 7552 --- [SpringApplicationShutdownHook] c.a.c.n.registry.NacosServiceRegistry    : De-registration finished.
15:32:14:144  INFO 7552 --- [SpringApplicationShutdownHook] com.zaxxer.hikari.HikariDataSource       : HikariPool-1 - Shutdown initiated...
15:32:14:163  INFO 7552 --- [SpringApplicationShutdownHook] com.zaxxer.hikari.HikariDataSource       : HikariPool-1 - Shutdown completed.
15:32:19:221  INFO 31652 --- [main] c.a.nacos.client.logging.NacosLogging    : Nacos Logging Adapter Builder: com.alibaba.nacos.logger.adapter.logback12.LogbackNacosLoggingAdapterBuilder
15:32:19:225  INFO 31652 --- [main] c.a.nacos.client.logging.NacosLogging    : Nacos Logging Adapter: com.alibaba.nacos.logger.adapter.logback12.LogbackNacosLoggingAdapter match ch.qos.logback.classic.Logger success.
15:32:19:230  INFO 31652 --- [main] c.a.nacos.client.logging.NacosLogging    : Nacos Logging Adapter Builder: com.alibaba.nacos.logger.adapter.logback14.LogbackNacosLoggingAdapterBuilder
15:32:19:234  INFO 31652 --- [main] c.a.nacos.client.logging.NacosLogging    : Nacos Logging Adapter Builder: com.alibaba.nacos.logger.adapter.log4j2.Log4j2NacosLoggingAdapterBuilder
15:32:19:338  INFO 31652 --- [main] com.hmall.cart.CartServiceApplication    : Starting CartServiceApplication using Java 11.0.23 on LAPTOP-RMAHIPBG with PID 31652 (D:\IdeaData\hmall-micro\cart-service\target\classes started by admin in D:\IdeaData\hmall-micro)
15:32:19:339 DEBUG 31652 --- [main] com.hmall.cart.CartServiceApplication    : Running with Spring Boot v2.7.12, Spring v5.3.27
15:32:19:339  INFO 31652 --- [main] com.hmall.cart.CartServiceApplication    : The following 1 profile is active: "dev"
15:32:20:188  INFO 31652 --- [main] o.s.cloud.context.scope.GenericScope     : BeanFactory id=c49596f2-88bc-327b-bf27-d2aa41426525
15:32:20:483  INFO 31652 --- [main] o.s.b.w.embedded.tomcat.TomcatWebServer  : Tomcat initialized with port(s): 8082 (http)
15:32:20:492  INFO 31652 --- [main] o.apache.catalina.core.StandardService   : Starting service [Tomcat]
15:32:20:493  INFO 31652 --- [main] org.apache.catalina.core.StandardEngine  : Starting Servlet engine: [Apache Tomcat/9.0.75]
15:32:20:636  INFO 31652 --- [main] o.a.c.c.C.[Tomcat].[localhost].[/]       : Initializing Spring embedded WebApplicationContext
15:32:20:636  INFO 31652 --- [main] w.s.c.ServletWebServerApplicationContext : Root WebApplicationContext: initialization completed in 1265 ms
15:32:22:963  INFO 31652 --- [main] pertySourcedRequestMappingHandlerMapping : Mapped URL path [/v2/api-docs] onto method [springfox.documentation.swagger2.web.Swagger2ControllerWebMvc#getDocumentation(String, HttpServletRequest)]
15:32:23:627  INFO 31652 --- [main] c.a.n.p.a.s.c.ClientAuthPluginManager    : [ClientAuthPluginManager] Load ClientAuthService com.alibaba.nacos.client.auth.impl.NacosClientAuthServiceImpl success.
15:32:23:627  INFO 31652 --- [main] c.a.n.p.a.s.c.ClientAuthPluginManager    : [ClientAuthPluginManager] Load ClientAuthService com.alibaba.nacos.client.auth.ram.RamClientAuthServiceImpl success.
15:32:25:051  INFO 31652 --- [main] c.a.n.c.a.AbstractAbilityControlManager  : Ready to get current node abilities...
15:32:25:053  INFO 31652 --- [main] c.a.n.c.a.AbstractAbilityControlManager  : Ready to initialize current node abilities, support modes: [SDK_CLIENT]
15:32:25:053  INFO 31652 --- [main] c.a.n.c.a.AbstractAbilityControlManager  : Initialize current abilities finish...
15:32:25:055  INFO 31652 --- [main] c.a.n.c.a.d.NacosAbilityManagerHolder    : [AbilityControlManager] Successfully initialize AbilityControlManager
15:32:25:137  INFO 31652 --- [main] o.s.b.w.embedded.tomcat.TomcatWebServer  : Tomcat started on port(s): 8082 (http) with context path ''
15:32:25:146  INFO 31652 --- [main] c.a.c.n.registry.NacosServiceRegistry    : nacos registry, DEFAULT_GROUP cart-service 10.165.161.72:8082 register finished
15:32:25:636  INFO 31652 --- [main] d.s.w.p.DocumentationPluginsBootstrapper : Documentation plugins bootstrapped
15:32:25:638  INFO 31652 --- [main] d.s.w.p.DocumentationPluginsBootstrapper : Found 1 custom documentation plugin(s)
15:32:25:660  INFO 31652 --- [main] s.d.s.w.s.ApiListingReferenceScanner     : Scanning for api listing references
15:32:25:736  INFO 31652 --- [main] com.hmall.cart.CartServiceApplication    : Started CartServiceApplication in 7.649 seconds (JVM running for 8.689)
15:40:06:568  WARN 31652 --- [Thread-2] c.a.n.common.executor.ThreadPoolManager  : [ThreadPoolManager] Start destroying ThreadPool
15:40:06:568  WARN 31652 --- [Thread-15] c.a.n.common.http.HttpClientBeanHolder   : [HttpClientBeanHolder] Start destroying common HttpClient
15:40:06:568  WARN 31652 --- [Thread-13] c.a.nacos.common.notify.NotifyCenter     : [NotifyCenter] Start destroying Publisher
15:40:06:575  WARN 31652 --- [Thread-13] c.a.nacos.common.notify.NotifyCenter     : [NotifyCenter] Destruction of the end
15:40:06:576  WARN 31652 --- [Thread-2] c.a.n.common.executor.ThreadPoolManager  : [ThreadPoolManager] Destruction of the end
15:40:06:577  WARN 31652 --- [Thread-15] c.a.n.common.http.HttpClientBeanHolder   : [HttpClientBeanHolder] Destruction of the end
15:40:07:252  INFO 31652 --- [SpringApplicationShutdownHook] c.a.c.n.registry.NacosServiceRegistry    : De-registering from Nacos Server now...
15:40:07:261  INFO 31652 --- [SpringApplicationShutdownHook] c.a.c.n.registry.NacosServiceRegistry    : De-registration finished.
15:47:13:078  INFO 30264 --- [main] c.a.nacos.client.logging.NacosLogging    : Nacos Logging Adapter Builder: com.alibaba.nacos.logger.adapter.logback12.LogbackNacosLoggingAdapterBuilder
15:47:13:085  INFO 30264 --- [main] c.a.nacos.client.logging.NacosLogging    : Nacos Logging Adapter: com.alibaba.nacos.logger.adapter.logback12.LogbackNacosLoggingAdapter match ch.qos.logback.classic.Logger success.
15:47:13:095  INFO 30264 --- [main] c.a.nacos.client.logging.NacosLogging    : Nacos Logging Adapter Builder: com.alibaba.nacos.logger.adapter.logback14.LogbackNacosLoggingAdapterBuilder
15:47:13:101  INFO 30264 --- [main] c.a.nacos.client.logging.NacosLogging    : Nacos Logging Adapter Builder: com.alibaba.nacos.logger.adapter.log4j2.Log4j2NacosLoggingAdapterBuilder
15:47:13:263  INFO 30264 --- [main] com.hmall.cart.CartServiceApplication    : Starting CartServiceApplication using Java 11.0.23 on LAPTOP-RMAHIPBG with PID 30264 (D:\IdeaData\hmall-micro\cart-service\target\classes started by admin in D:\IdeaData\hmall-micro)
15:47:13:263 DEBUG 30264 --- [main] com.hmall.cart.CartServiceApplication    : Running with Spring Boot v2.7.12, Spring v5.3.27
15:47:13:263  INFO 30264 --- [main] com.hmall.cart.CartServiceApplication    : The following 1 profile is active: "dev"
15:47:14:429  INFO 30264 --- [main] o.s.cloud.context.scope.GenericScope     : BeanFactory id=4868aa8c-18dc-34e9-8cdd-6f8d3de5f559
15:47:14:827  INFO 30264 --- [main] o.s.b.w.embedded.tomcat.TomcatWebServer  : Tomcat initialized with port(s): 8082 (http)
15:47:14:838  INFO 30264 --- [main] o.apache.catalina.core.StandardService   : Starting service [Tomcat]
15:47:14:838  INFO 30264 --- [main] org.apache.catalina.core.StandardEngine  : Starting Servlet engine: [Apache Tomcat/9.0.75]
15:47:15:036  INFO 30264 --- [main] o.a.c.c.C.[Tomcat].[localhost].[/]       : Initializing Spring embedded WebApplicationContext
15:47:15:037  INFO 30264 --- [main] w.s.c.ServletWebServerApplicationContext : Root WebApplicationContext: initialization completed in 1722 ms
15:47:17:196  WARN 30264 --- [main] ConfigServletWebServerApplicationContext : Exception encountered during context initialization - cancelling refresh attempt: org.springframework.beans.factory.UnsatisfiedDependencyException: Error creating bean with name 'cartController' defined in file [D:\IdeaData\hmall-micro\cart-service\target\classes\com\hmall\cart\controller\CartController.class]: Unsatisfied dependency expressed through constructor parameter 0; nested exception is org.springframework.beans.factory.UnsatisfiedDependencyException: Error creating bean with name 'cartServiceImpl': Unsatisfied dependency expressed through field 'itemClient'; nested exception is org.springframework.beans.factory.NoSuchBeanDefinitionException: No qualifying bean of type 'com.hmall.api.item.ItemClient' available: expected at least 1 bean which qualifies as autowire candidate. Dependency annotations: {@org.springframework.beans.factory.annotation.Autowired(required=true)}
15:47:17:199  INFO 30264 --- [main] o.apache.catalina.core.StandardService   : Stopping service [Tomcat]
15:47:17:213  INFO 30264 --- [main] ConditionEvaluationReportLoggingListener : 

Error starting ApplicationContext. To display the conditions report re-run your application with 'debug' enabled.
15:47:17:246 ERROR 30264 --- [main] o.s.b.d.LoggingFailureAnalysisReporter   : 

***************************
APPLICATION FAILED TO START
***************************

Description:

Field itemClient in com.hmall.cart.service.impl.CartServiceImpl required a bean of type 'com.hmall.api.item.ItemClient' that could not be found.


Action:

Consider defining a bean of type 'com.hmall.api.item.ItemClient' in your configuration.

15:47:17:250  WARN 30264 --- [Thread-2] c.a.n.common.executor.ThreadPoolManager  : [ThreadPoolManager] Start destroying ThreadPool
15:48:49:382  INFO 3556 --- [main] c.a.nacos.client.logging.NacosLogging    : Nacos Logging Adapter Builder: com.alibaba.nacos.logger.adapter.logback12.LogbackNacosLoggingAdapterBuilder
15:48:49:388  INFO 3556 --- [main] c.a.nacos.client.logging.NacosLogging    : Nacos Logging Adapter: com.alibaba.nacos.logger.adapter.logback12.LogbackNacosLoggingAdapter match ch.qos.logback.classic.Logger success.
15:48:49:394  INFO 3556 --- [main] c.a.nacos.client.logging.NacosLogging    : Nacos Logging Adapter Builder: com.alibaba.nacos.logger.adapter.logback14.LogbackNacosLoggingAdapterBuilder
15:48:49:400  INFO 3556 --- [main] c.a.nacos.client.logging.NacosLogging    : Nacos Logging Adapter Builder: com.alibaba.nacos.logger.adapter.log4j2.Log4j2NacosLoggingAdapterBuilder
15:48:49:503  INFO 3556 --- [main] com.hmall.cart.CartServiceApplication    : Starting CartServiceApplication using Java 11.0.23 on LAPTOP-RMAHIPBG with PID 3556 (D:\IdeaData\hmall-micro\cart-service\target\classes started by admin in D:\IdeaData\hmall-micro)
15:48:49:503 DEBUG 3556 --- [main] com.hmall.cart.CartServiceApplication    : Running with Spring Boot v2.7.12, Spring v5.3.27
15:48:49:505  INFO 3556 --- [main] com.hmall.cart.CartServiceApplication    : The following 1 profile is active: "dev"
15:48:50:393  INFO 3556 --- [main] o.s.cloud.context.scope.GenericScope     : BeanFactory id=b2da6d8a-7810-3452-897b-8ede1579c73d
15:48:50:719  INFO 3556 --- [main] o.s.b.w.embedded.tomcat.TomcatWebServer  : Tomcat initialized with port(s): 8082 (http)
15:48:50:727  INFO 3556 --- [main] o.apache.catalina.core.StandardService   : Starting service [Tomcat]
15:48:50:727  INFO 3556 --- [main] org.apache.catalina.core.StandardEngine  : Starting Servlet engine: [Apache Tomcat/9.0.75]
15:48:50:881  INFO 3556 --- [main] o.a.c.c.C.[Tomcat].[localhost].[/]       : Initializing Spring embedded WebApplicationContext
15:48:50:882  INFO 3556 --- [main] w.s.c.ServletWebServerApplicationContext : Root WebApplicationContext: initialization completed in 1341 ms
15:48:52:590  INFO 3556 --- [main] o.s.c.openfeign.FeignClientFactoryBean   : For 'item-service' URL not provided. Will try picking an instance via load-balancing.
15:48:53:507  INFO 3556 --- [main] pertySourcedRequestMappingHandlerMapping : Mapped URL path [/v2/api-docs] onto method [springfox.documentation.swagger2.web.Swagger2ControllerWebMvc#getDocumentation(String, HttpServletRequest)]
15:48:54:270  INFO 3556 --- [main] c.a.n.p.a.s.c.ClientAuthPluginManager    : [ClientAuthPluginManager] Load ClientAuthService com.alibaba.nacos.client.auth.impl.NacosClientAuthServiceImpl success.
15:48:54:270  INFO 3556 --- [main] c.a.n.p.a.s.c.ClientAuthPluginManager    : [ClientAuthPluginManager] Load ClientAuthService com.alibaba.nacos.client.auth.ram.RamClientAuthServiceImpl success.
15:48:55:794  INFO 3556 --- [main] c.a.n.c.a.AbstractAbilityControlManager  : Ready to get current node abilities...
15:48:55:796  INFO 3556 --- [main] c.a.n.c.a.AbstractAbilityControlManager  : Ready to initialize current node abilities, support modes: [SDK_CLIENT]
15:48:55:796  INFO 3556 --- [main] c.a.n.c.a.AbstractAbilityControlManager  : Initialize current abilities finish...
15:48:55:796  INFO 3556 --- [main] c.a.n.c.a.d.NacosAbilityManagerHolder    : [AbilityControlManager] Successfully initialize AbilityControlManager
15:48:55:864  INFO 3556 --- [main] o.s.b.w.embedded.tomcat.TomcatWebServer  : Tomcat started on port(s): 8082 (http) with context path ''
15:48:55:874  INFO 3556 --- [main] c.a.c.n.registry.NacosServiceRegistry    : nacos registry, DEFAULT_GROUP cart-service 10.165.161.72:8082 register finished
15:48:56:458  INFO 3556 --- [main] d.s.w.p.DocumentationPluginsBootstrapper : Documentation plugins bootstrapped
15:48:56:460  INFO 3556 --- [main] d.s.w.p.DocumentationPluginsBootstrapper : Found 1 custom documentation plugin(s)
15:48:56:481  INFO 3556 --- [main] s.d.s.w.s.ApiListingReferenceScanner     : Scanning for api listing references
15:48:56:554  INFO 3556 --- [main] com.hmall.cart.CartServiceApplication    : Started CartServiceApplication in 8.264 seconds (JVM running for 9.354)
15:49:03:862  INFO 3556 --- [http-nio-8082-exec-1] o.a.c.c.C.[Tomcat].[localhost].[/]       : Initializing Spring DispatcherServlet 'dispatcherServlet'
15:49:03:863  INFO 3556 --- [http-nio-8082-exec-1] o.s.web.servlet.DispatcherServlet        : Initializing Servlet 'dispatcherServlet'
15:49:03:864  INFO 3556 --- [http-nio-8082-exec-1] o.s.web.servlet.DispatcherServlet        : Completed initialization in 1 ms
15:49:07:144  INFO 3556 --- [http-nio-8082-exec-8] com.zaxxer.hikari.HikariDataSource       : HikariPool-1 - Starting...
15:49:07:501  INFO 3556 --- [http-nio-8082-exec-8] com.zaxxer.hikari.HikariDataSource       : HikariPool-1 - Start completed.
15:49:07:512 DEBUG 3556 --- [http-nio-8082-exec-8] c.h.cart.mapper.CartMapper.selectList    : ==>  Preparing: SELECT id,user_id,item_id,num,name,spec,price,image,create_time,update_time FROM cart WHERE (user_id = ?)
15:49:07:540 DEBUG 3556 --- [http-nio-8082-exec-8] c.h.cart.mapper.CartMapper.selectList    : ==> Parameters: 1(Long)
15:49:07:570 DEBUG 3556 --- [http-nio-8082-exec-8] c.h.cart.mapper.CartMapper.selectList    : <==      Total: 1
15:55:26:005  WARN 3556 --- [Thread-15] c.a.n.common.http.HttpClientBeanHolder   : [HttpClientBeanHolder] Start destroying common HttpClient
15:55:26:005  WARN 3556 --- [Thread-2] c.a.n.common.executor.ThreadPoolManager  : [ThreadPoolManager] Start destroying ThreadPool
15:55:26:005  WARN 3556 --- [Thread-13] c.a.nacos.common.notify.NotifyCenter     : [NotifyCenter] Start destroying Publisher
15:55:26:006  WARN 3556 --- [Thread-2] c.a.n.common.executor.ThreadPoolManager  : [ThreadPoolManager] Destruction of the end
15:55:26:006  WARN 3556 --- [Thread-13] c.a.nacos.common.notify.NotifyCenter     : [NotifyCenter] Destruction of the end
15:55:26:007  WARN 3556 --- [Thread-15] c.a.n.common.http.HttpClientBeanHolder   : [HttpClientBeanHolder] Destruction of the end
15:55:26:391  INFO 3556 --- [SpringApplicationShutdownHook] c.a.c.n.registry.NacosServiceRegistry    : De-registering from Nacos Server now...
15:55:26:400  INFO 3556 --- [SpringApplicationShutdownHook] c.a.c.n.registry.NacosServiceRegistry    : De-registration finished.
15:55:26:418  INFO 3556 --- [SpringApplicationShutdownHook] com.zaxxer.hikari.HikariDataSource       : HikariPool-1 - Shutdown initiated...
15:55:26:427  INFO 3556 --- [SpringApplicationShutdownHook] com.zaxxer.hikari.HikariDataSource       : HikariPool-1 - Shutdown completed.
15:55:33:612  INFO 3008 --- [main] c.a.nacos.client.logging.NacosLogging    : Nacos Logging Adapter Builder: com.alibaba.nacos.logger.adapter.logback12.LogbackNacosLoggingAdapterBuilder
15:55:33:617  INFO 3008 --- [main] c.a.nacos.client.logging.NacosLogging    : Nacos Logging Adapter: com.alibaba.nacos.logger.adapter.logback12.LogbackNacosLoggingAdapter match ch.qos.logback.classic.Logger success.
15:55:33:621  INFO 3008 --- [main] c.a.nacos.client.logging.NacosLogging    : Nacos Logging Adapter Builder: com.alibaba.nacos.logger.adapter.logback14.LogbackNacosLoggingAdapterBuilder
15:55:33:622  INFO 3008 --- [main] c.a.nacos.client.logging.NacosLogging    : Nacos Logging Adapter Builder: com.alibaba.nacos.logger.adapter.log4j2.Log4j2NacosLoggingAdapterBuilder
15:55:33:731  INFO 3008 --- [main] com.hmall.cart.CartServiceApplication    : Starting CartServiceApplication using Java 11.0.23 on LAPTOP-RMAHIPBG with PID 3008 (D:\IdeaData\hmall-micro\cart-service\target\classes started by admin in D:\IdeaData\hmall-micro)
15:55:33:731 DEBUG 3008 --- [main] com.hmall.cart.CartServiceApplication    : Running with Spring Boot v2.7.12, Spring v5.3.27
15:55:33:731  INFO 3008 --- [main] com.hmall.cart.CartServiceApplication    : The following 1 profile is active: "dev"
15:55:34:690  INFO 3008 --- [main] o.s.cloud.context.scope.GenericScope     : BeanFactory id=170e1e88-9389-3d6a-bf01-06172e8a5659
15:55:34:991  INFO 3008 --- [main] o.s.b.w.embedded.tomcat.TomcatWebServer  : Tomcat initialized with port(s): 8082 (http)
15:55:35:000  INFO 3008 --- [main] o.apache.catalina.core.StandardService   : Starting service [Tomcat]
15:55:35:000  INFO 3008 --- [main] org.apache.catalina.core.StandardEngine  : Starting Servlet engine: [Apache Tomcat/9.0.75]
15:55:35:177  INFO 3008 --- [main] o.a.c.c.C.[Tomcat].[localhost].[/]       : Initializing Spring embedded WebApplicationContext
15:55:35:177  INFO 3008 --- [main] w.s.c.ServletWebServerApplicationContext : Root WebApplicationContext: initialization completed in 1414 ms
15:55:36:973  INFO 3008 --- [main] o.s.c.openfeign.FeignClientFactoryBean   : For 'item-service' URL not provided. Will try picking an instance via load-balancing.
15:55:38:025  INFO 3008 --- [main] pertySourcedRequestMappingHandlerMapping : Mapped URL path [/v2/api-docs] onto method [springfox.documentation.swagger2.web.Swagger2ControllerWebMvc#getDocumentation(String, HttpServletRequest)]
15:55:38:795  INFO 3008 --- [main] c.a.n.p.a.s.c.ClientAuthPluginManager    : [ClientAuthPluginManager] Load ClientAuthService com.alibaba.nacos.client.auth.impl.NacosClientAuthServiceImpl success.
15:55:38:796  INFO 3008 --- [main] c.a.n.p.a.s.c.ClientAuthPluginManager    : [ClientAuthPluginManager] Load ClientAuthService com.alibaba.nacos.client.auth.ram.RamClientAuthServiceImpl success.
15:55:40:399  INFO 3008 --- [main] c.a.n.c.a.AbstractAbilityControlManager  : Ready to get current node abilities...
15:55:40:401  INFO 3008 --- [main] c.a.n.c.a.AbstractAbilityControlManager  : Ready to initialize current node abilities, support modes: [SDK_CLIENT]
15:55:40:403  INFO 3008 --- [main] c.a.n.c.a.AbstractAbilityControlManager  : Initialize current abilities finish...
15:55:40:403  INFO 3008 --- [main] c.a.n.c.a.d.NacosAbilityManagerHolder    : [AbilityControlManager] Successfully initialize AbilityControlManager
15:55:40:469  INFO 3008 --- [main] o.s.b.w.embedded.tomcat.TomcatWebServer  : Tomcat started on port(s): 8082 (http) with context path ''
15:55:40:477  INFO 3008 --- [main] c.a.c.n.registry.NacosServiceRegistry    : nacos registry, DEFAULT_GROUP cart-service 10.165.161.72:8082 register finished
15:55:41:000  INFO 3008 --- [main] d.s.w.p.DocumentationPluginsBootstrapper : Documentation plugins bootstrapped
15:55:41:004  INFO 3008 --- [main] d.s.w.p.DocumentationPluginsBootstrapper : Found 1 custom documentation plugin(s)
15:55:41:028  INFO 3008 --- [main] s.d.s.w.s.ApiListingReferenceScanner     : Scanning for api listing references
15:55:41:108  INFO 3008 --- [main] com.hmall.cart.CartServiceApplication    : Started CartServiceApplication in 8.556 seconds (JVM running for 9.611)
16:23:12:159  WARN 3008 --- [Thread-13] c.a.nacos.common.notify.NotifyCenter     : [NotifyCenter] Start destroying Publisher
16:23:12:159  WARN 3008 --- [Thread-2] c.a.n.common.executor.ThreadPoolManager  : [ThreadPoolManager] Start destroying ThreadPool
16:23:12:159  WARN 3008 --- [Thread-15] c.a.n.common.http.HttpClientBeanHolder   : [HttpClientBeanHolder] Start destroying common HttpClient
16:23:12:168  WARN 3008 --- [Thread-13] c.a.nacos.common.notify.NotifyCenter     : [NotifyCenter] Destruction of the end
16:23:12:169  WARN 3008 --- [Thread-2] c.a.n.common.executor.ThreadPoolManager  : [ThreadPoolManager] Destruction of the end
16:23:12:170  WARN 3008 --- [Thread-15] c.a.n.common.http.HttpClientBeanHolder   : [HttpClientBeanHolder] Destruction of the end
16:23:12:754  INFO 3008 --- [SpringApplicationShutdownHook] c.a.c.n.registry.NacosServiceRegistry    : De-registering from Nacos Server now...
16:23:12:766  INFO 3008 --- [SpringApplicationShutdownHook] c.a.c.n.registry.NacosServiceRegistry    : De-registration finished.
16:25:43:518  INFO 30360 --- [main] c.a.nacos.client.logging.NacosLogging    : Nacos Logging Adapter Builder: com.alibaba.nacos.logger.adapter.logback12.LogbackNacosLoggingAdapterBuilder
16:25:43:523  INFO 30360 --- [main] c.a.nacos.client.logging.NacosLogging    : Nacos Logging Adapter: com.alibaba.nacos.logger.adapter.logback12.LogbackNacosLoggingAdapter match ch.qos.logback.classic.Logger success.
16:25:43:530  INFO 30360 --- [main] c.a.nacos.client.logging.NacosLogging    : Nacos Logging Adapter Builder: com.alibaba.nacos.logger.adapter.logback14.LogbackNacosLoggingAdapterBuilder
16:25:43:533  INFO 30360 --- [main] c.a.nacos.client.logging.NacosLogging    : Nacos Logging Adapter Builder: com.alibaba.nacos.logger.adapter.log4j2.Log4j2NacosLoggingAdapterBuilder
16:25:43:645  INFO 30360 --- [main] com.hmall.cart.CartServiceApplication    : Starting CartServiceApplication using Java 11.0.23 on LAPTOP-RMAHIPBG with PID 30360 (D:\IdeaData\hmall-micro\cart-service\target\classes started by admin in D:\IdeaData\hmall-micro)
16:25:43:645 DEBUG 30360 --- [main] com.hmall.cart.CartServiceApplication    : Running with Spring Boot v2.7.12, Spring v5.3.27
16:25:43:645  INFO 30360 --- [main] com.hmall.cart.CartServiceApplication    : The following 1 profile is active: "dev"
16:25:44:629  INFO 30360 --- [main] o.s.cloud.context.scope.GenericScope     : BeanFactory id=e9d7b100-2985-3aac-bca7-2e7e5daed018
16:25:44:928  INFO 30360 --- [main] o.s.b.w.embedded.tomcat.TomcatWebServer  : Tomcat initialized with port(s): 8082 (http)
16:25:44:939  INFO 30360 --- [main] o.apache.catalina.core.StandardService   : Starting service [Tomcat]
16:25:44:939  INFO 30360 --- [main] org.apache.catalina.core.StandardEngine  : Starting Servlet engine: [Apache Tomcat/9.0.75]
16:25:45:134  INFO 30360 --- [main] o.a.c.c.C.[Tomcat].[localhost].[/]       : Initializing Spring embedded WebApplicationContext
16:25:45:135  INFO 30360 --- [main] w.s.c.ServletWebServerApplicationContext : Root WebApplicationContext: initialization completed in 1454 ms
16:25:46:895  INFO 30360 --- [main] o.s.c.openfeign.FeignClientFactoryBean   : For 'item-service' URL not provided. Will try picking an instance via load-balancing.
16:25:48:340  INFO 30360 --- [main] pertySourcedRequestMappingHandlerMapping : Mapped URL path [/v2/api-docs] onto method [springfox.documentation.swagger2.web.Swagger2ControllerWebMvc#getDocumentation(String, HttpServletRequest)]
16:25:49:370  INFO 30360 --- [main] c.a.n.p.a.s.c.ClientAuthPluginManager    : [ClientAuthPluginManager] Load ClientAuthService com.alibaba.nacos.client.auth.impl.NacosClientAuthServiceImpl success.
16:25:49:371  INFO 30360 --- [main] c.a.n.p.a.s.c.ClientAuthPluginManager    : [ClientAuthPluginManager] Load ClientAuthService com.alibaba.nacos.client.auth.ram.RamClientAuthServiceImpl success.
16:25:51:525  INFO 30360 --- [main] c.a.n.c.a.AbstractAbilityControlManager  : Ready to get current node abilities...
16:25:51:526  INFO 30360 --- [main] c.a.n.c.a.AbstractAbilityControlManager  : Ready to initialize current node abilities, support modes: [SDK_CLIENT]
16:25:51:528  INFO 30360 --- [main] c.a.n.c.a.AbstractAbilityControlManager  : Initialize current abilities finish...
16:25:51:529  INFO 30360 --- [main] c.a.n.c.a.d.NacosAbilityManagerHolder    : [AbilityControlManager] Successfully initialize AbilityControlManager
16:25:51:620  INFO 30360 --- [main] o.s.b.w.embedded.tomcat.TomcatWebServer  : Tomcat started on port(s): 8082 (http) with context path ''
16:25:51:632  INFO 30360 --- [main] c.a.c.n.registry.NacosServiceRegistry    : nacos registry, DEFAULT_GROUP cart-service 10.165.161.72:8082 register finished
16:25:52:493  INFO 30360 --- [main] d.s.w.p.DocumentationPluginsBootstrapper : Documentation plugins bootstrapped
16:25:52:495  INFO 30360 --- [main] d.s.w.p.DocumentationPluginsBootstrapper : Found 1 custom documentation plugin(s)
16:25:52:520  INFO 30360 --- [main] s.d.s.w.s.ApiListingReferenceScanner     : Scanning for api listing references
16:25:52:596  INFO 30360 --- [main] com.hmall.cart.CartServiceApplication    : Started CartServiceApplication in 10.118 seconds (JVM running for 11.129)
16:27:48:529  INFO 30360 --- [http-nio-8082-exec-4] o.a.c.c.C.[Tomcat].[localhost].[/]       : Initializing Spring DispatcherServlet 'dispatcherServlet'
16:27:48:530  INFO 30360 --- [http-nio-8082-exec-4] o.s.web.servlet.DispatcherServlet        : Initializing Servlet 'dispatcherServlet'
16:27:48:533  INFO 30360 --- [http-nio-8082-exec-4] o.s.web.servlet.DispatcherServlet        : Completed initialization in 3 ms
16:27:51:539  INFO 30360 --- [http-nio-8082-exec-3] com.zaxxer.hikari.HikariDataSource       : HikariPool-1 - Starting...
16:27:51:803  INFO 30360 --- [http-nio-8082-exec-3] com.zaxxer.hikari.HikariDataSource       : HikariPool-1 - Start completed.
16:27:51:813 DEBUG 30360 --- [http-nio-8082-exec-3] c.h.cart.mapper.CartMapper.selectList    : ==>  Preparing: SELECT id,user_id,item_id,num,name,spec,price,image,create_time,update_time FROM cart WHERE (user_id = ?)
16:27:51:840 DEBUG 30360 --- [http-nio-8082-exec-3] c.h.cart.mapper.CartMapper.selectList    : ==> Parameters: 1(Long)
16:27:51:870 DEBUG 30360 --- [http-nio-8082-exec-3] c.h.cart.mapper.CartMapper.selectList    : <==      Total: 1
17:15:28:461  WARN 30360 --- [Thread-13] c.a.nacos.common.notify.NotifyCenter     : [NotifyCenter] Start destroying Publisher
17:15:28:461  WARN 30360 --- [Thread-15] c.a.n.common.http.HttpClientBeanHolder   : [HttpClientBeanHolder] Start destroying common HttpClient
17:15:28:461  WARN 30360 --- [Thread-2] c.a.n.common.executor.ThreadPoolManager  : [ThreadPoolManager] Start destroying ThreadPool
17:15:28:466  WARN 30360 --- [Thread-13] c.a.nacos.common.notify.NotifyCenter     : [NotifyCenter] Destruction of the end
17:15:28:467  WARN 30360 --- [Thread-2] c.a.n.common.executor.ThreadPoolManager  : [ThreadPoolManager] Destruction of the end
17:15:28:469  WARN 30360 --- [Thread-15] c.a.n.common.http.HttpClientBeanHolder   : [HttpClientBeanHolder] Destruction of the end
17:15:29:195  INFO 30360 --- [SpringApplicationShutdownHook] c.a.c.n.registry.NacosServiceRegistry    : De-registering from Nacos Server now...
17:15:29:220  INFO 30360 --- [SpringApplicationShutdownHook] c.a.c.n.registry.NacosServiceRegistry    : De-registration finished.
17:15:29:252  INFO 30360 --- [SpringApplicationShutdownHook] com.zaxxer.hikari.HikariDataSource       : HikariPool-1 - Shutdown initiated...
17:15:29:285  INFO 30360 --- [SpringApplicationShutdownHook] com.zaxxer.hikari.HikariDataSource       : HikariPool-1 - Shutdown completed.
17:17:31:963  INFO 27380 --- [main] c.a.nacos.client.logging.NacosLogging    : Nacos Logging Adapter Builder: com.alibaba.nacos.logger.adapter.logback12.LogbackNacosLoggingAdapterBuilder
17:17:31:968  INFO 27380 --- [main] c.a.nacos.client.logging.NacosLogging    : Nacos Logging Adapter: com.alibaba.nacos.logger.adapter.logback12.LogbackNacosLoggingAdapter match ch.qos.logback.classic.Logger success.
17:17:31:977  INFO 27380 --- [main] c.a.nacos.client.logging.NacosLogging    : Nacos Logging Adapter Builder: com.alibaba.nacos.logger.adapter.logback14.LogbackNacosLoggingAdapterBuilder
17:17:31:978  INFO 27380 --- [main] c.a.nacos.client.logging.NacosLogging    : Nacos Logging Adapter Builder: com.alibaba.nacos.logger.adapter.log4j2.Log4j2NacosLoggingAdapterBuilder
17:17:32:113  INFO 27380 --- [main] com.hmall.cart.CartServiceApplication    : Starting CartServiceApplication using Java 11.0.23 on LAPTOP-RMAHIPBG with PID 27380 (D:\IdeaData\hmall-micro\cart-service\target\classes started by admin in D:\IdeaData\hmall-micro)
17:17:32:113 DEBUG 27380 --- [main] com.hmall.cart.CartServiceApplication    : Running with Spring Boot v2.7.12, Spring v5.3.27
17:17:32:113  INFO 27380 --- [main] com.hmall.cart.CartServiceApplication    : The following 1 profile is active: "dev"
17:17:33:211  INFO 27380 --- [main] o.s.cloud.context.scope.GenericScope     : BeanFactory id=e9d7b100-2985-3aac-bca7-2e7e5daed018
17:17:33:556  INFO 27380 --- [main] o.s.b.w.embedded.tomcat.TomcatWebServer  : Tomcat initialized with port(s): 8082 (http)
17:17:33:563  INFO 27380 --- [main] o.apache.catalina.core.StandardService   : Starting service [Tomcat]
17:17:33:563  INFO 27380 --- [main] org.apache.catalina.core.StandardEngine  : Starting Servlet engine: [Apache Tomcat/9.0.75]
17:17:33:731  INFO 27380 --- [main] o.a.c.c.C.[Tomcat].[localhost].[/]       : Initializing Spring embedded WebApplicationContext
17:17:33:732  INFO 27380 --- [main] w.s.c.ServletWebServerApplicationContext : Root WebApplicationContext: initialization completed in 1579 ms
17:17:35:555  INFO 27380 --- [main] o.s.c.openfeign.FeignClientFactoryBean   : For 'item-service' URL not provided. Will try picking an instance via load-balancing.
17:17:36:642  INFO 27380 --- [main] pertySourcedRequestMappingHandlerMapping : Mapped URL path [/v2/api-docs] onto method [springfox.documentation.swagger2.web.Swagger2ControllerWebMvc#getDocumentation(String, HttpServletRequest)]
17:17:37:322  INFO 27380 --- [main] c.a.n.p.a.s.c.ClientAuthPluginManager    : [ClientAuthPluginManager] Load ClientAuthService com.alibaba.nacos.client.auth.impl.NacosClientAuthServiceImpl success.
17:17:37:322  INFO 27380 --- [main] c.a.n.p.a.s.c.ClientAuthPluginManager    : [ClientAuthPluginManager] Load ClientAuthService com.alibaba.nacos.client.auth.ram.RamClientAuthServiceImpl success.
17:17:38:900  INFO 27380 --- [main] c.a.n.c.a.AbstractAbilityControlManager  : Ready to get current node abilities...
17:17:38:902  INFO 27380 --- [main] c.a.n.c.a.AbstractAbilityControlManager  : Ready to initialize current node abilities, support modes: [SDK_CLIENT]
17:17:38:903  INFO 27380 --- [main] c.a.n.c.a.AbstractAbilityControlManager  : Initialize current abilities finish...
17:17:38:904  INFO 27380 --- [main] c.a.n.c.a.d.NacosAbilityManagerHolder    : [AbilityControlManager] Successfully initialize AbilityControlManager
17:17:38:980  INFO 27380 --- [main] o.s.b.w.embedded.tomcat.TomcatWebServer  : Tomcat started on port(s): 8082 (http) with context path ''
17:17:38:991  INFO 27380 --- [main] c.a.c.n.registry.NacosServiceRegistry    : nacos registry, DEFAULT_GROUP cart-service 10.165.161.72:8082 register finished
17:17:39:502  INFO 27380 --- [main] d.s.w.p.DocumentationPluginsBootstrapper : Documentation plugins bootstrapped
17:17:39:504  INFO 27380 --- [main] d.s.w.p.DocumentationPluginsBootstrapper : Found 1 custom documentation plugin(s)
17:17:39:527  INFO 27380 --- [main] s.d.s.w.s.ApiListingReferenceScanner     : Scanning for api listing references
17:17:39:597  INFO 27380 --- [main] com.hmall.cart.CartServiceApplication    : Started CartServiceApplication in 8.892 seconds (JVM running for 10.173)
17:18:34:621  WARN 27380 --- [Thread-2] c.a.n.common.executor.ThreadPoolManager  : [ThreadPoolManager] Start destroying ThreadPool
17:18:34:621  WARN 27380 --- [Thread-13] c.a.nacos.common.notify.NotifyCenter     : [NotifyCenter] Start destroying Publisher
17:18:34:621  WARN 27380 --- [Thread-15] c.a.n.common.http.HttpClientBeanHolder   : [HttpClientBeanHolder] Start destroying common HttpClient
17:18:34:623  WARN 27380 --- [Thread-13] c.a.nacos.common.notify.NotifyCenter     : [NotifyCenter] Destruction of the end
17:18:34:624  WARN 27380 --- [Thread-15] c.a.n.common.http.HttpClientBeanHolder   : [HttpClientBeanHolder] Destruction of the end
17:18:34:624  WARN 27380 --- [Thread-2] c.a.n.common.executor.ThreadPoolManager  : [ThreadPoolManager] Destruction of the end
17:18:35:246  INFO 27380 --- [SpringApplicationShutdownHook] c.a.c.n.registry.NacosServiceRegistry    : De-registering from Nacos Server now...
17:18:35:257  INFO 27380 --- [SpringApplicationShutdownHook] c.a.c.n.registry.NacosServiceRegistry    : De-registration finished.
